company_key,segment,filing_month_year,domestic,exports,total,yoy_pct,mom_pct,source,filing_date,parser_version,extraction_method,parser_status,confidence_score,raw_row_hash,data_vintage,last_updated,review_note
ASHOKLEY,CV,2024-05,13344,1800,15144,,,NSE,2024-06-05,ASHOKLEY_V1,MANUAL,MANUAL,0.85,sample_ASHOKLEY_CV_2024-05,2026-05-23T07:00:39.123825Z,2026-05-23T07:00:39.123825Z,Manually corrected after analyst review
ASHOKLEY,CV,2024-06,12053,1538,13591,,-0.1025,NSE,2024-07-07,ASHOKLEY_V1,MANUAL,CLEAN,0.88,sample_ASHOKLEY_CV_2024-06,2026-05-23T07:00:39.131298Z,2026-05-23T07:00:39.131298Z,
ASHOKLEY,CV,2024-07,12033,1696,13729,,0.0102,NSE,2024-08-07,ASHOKLEY_V1,MANUAL,CLEAN,0.86,sample_ASHOKLEY_CV_2024-07,2026-05-23T07:00:39.168939Z,2026-05-23T07:00:39.168939Z,
ASHOKLEY,CV,2024-08,12573,1406,13979,,0.0182,BSE,2024-09-05,ASHOKLEY_V1,MANUAL,CLEAN,0.95,sample_ASHOKLEY_CV_2024-08,2026-05-23T07:00:39.190882Z,2026-05-23T07:00:39.190882Z,
ASHOKLEY,CV,2024-09,15285,2013,17298,,0.2374,NSE,2024-10-05,ASHOKLEY_V1,MANUAL,CLEAN,0.89,sample_ASHOKLEY_CV_2024-09,2026-05-23T07:00:39.204691Z,2026-05-23T07:00:39.204691Z,
ASHOKLEY,CV,2024-10,18047,2279,20326,,0.175,NSE,2024-11-05,ASHOKLEY_V1,MANUAL,CLEAN,0.86,sample_ASHOKLEY_CV_2024-10,2026-05-23T07:00:39.214812Z,2026-05-23T07:00:39.214812Z,
ASHOKLEY,CV,2024-11,13925,1870,15795,,-0.2229,NSE,2024-12-05,ASHOKLEY_V1,MANUAL,CLEAN,0.87,sample_ASHOKLEY_CV_2024-11,2026-05-23T07:00:39.228537Z,2026-05-23T07:00:39.228537Z,
ASHOKLEY,CV,2024-12,14828,1803,16631,,0.0529,NSE,2025-01-07,ASHOKLEY_V1,MANUAL,CLEAN,0.89,sample_ASHOKLEY_CV_2024-12,2026-05-23T07:00:39.236161Z,2026-05-23T07:00:39.236161Z,
ASHOKLEY,CV,2025-01,13444,1755,15199,,-0.0861,NSE,2025-02-07,ASHOKLEY_V1,MANUAL,CLEAN,0.88,sample_ASHOKLEY_CV_2025-01,2026-05-23T07:00:39.242133Z,2026-05-23T07:00:39.242133Z,
ASHOKLEY,CV,2025-02,13341,1493,14834,,-0.024,NSE,2025-03-06,ASHOKLEY_V1,MANUAL,CLEAN,0.99,sample_ASHOKLEY_CV_2025-02,2026-05-23T07:00:39.255404Z,2026-05-23T07:00:39.255404Z,
ASHOKLEY,CV,2025-03,16962,2367,19329,,0.303,NSE,2025-04-05,ASHOKLEY_V1,MANUAL,CLEAN,0.91,sample_ASHOKLEY_CV_2025-03,2026-05-23T07:00:39.270047Z,2026-05-23T07:00:39.270047Z,
ASHOKLEY,CV,2025-04,13460,1722,15182,,-0.2145,NSE,2025-05-06,ASHOKLEY_V1,MANUAL,CLEAN,0.98,sample_ASHOKLEY_CV_2025-04,2026-05-23T07:00:39.289763Z,2026-05-23T07:00:39.289763Z,
ASHOKLEY,CV,2025-05,14691,2072,16763,0.1069,0.1041,NSE,2025-06-05,ASHOKLEY_V1,MANUAL,CLEAN,0.88,sample_ASHOKLEY_CV_2025-05,2026-05-23T07:00:39.300620Z,2026-05-23T07:00:39.300620Z,
ASHOKLEY,CV,2025-06,13267,1516,14783,0.0877,-0.1181,NSE,2025-07-05,ASHOKLEY_V1,MANUAL,CLEAN,0.86,sample_ASHOKLEY_CV_2025-06,2026-05-23T07:00:39.311891Z,2026-05-23T07:00:39.311891Z,
ASHOKLEY,CV,2025-07,12603,1768,14371,0.0468,-0.0279,NSE,2025-08-05,ASHOKLEY_V1,MANUAL,CLEAN,0.89,sample_ASHOKLEY_CV_2025-07,2026-05-23T07:00:39.315701Z,2026-05-23T07:00:39.315701Z,
ASHOKLEY,CV,2025-08,14020,1928,15948,0.1409,0.1097,NSE,2025-09-07,ASHOKLEY_V1,MANUAL,CLEAN,0.9,sample_ASHOKLEY_CV_2025-08,2026-05-23T07:00:39.325309Z,2026-05-23T07:00:39.325309Z,
ASHOKLEY,CV,2025-09,16135,1875,18010,0.0412,0.1293,NSE,2025-10-05,ASHOKLEY_V1,MANUAL,CLEAN,0.96,sample_ASHOKLEY_CV_2025-09,2026-05-23T07:00:39.331774Z,2026-05-23T07:00:39.331774Z,
ASHOKLEY,CV,2025-10,19140,2401,21541,0.0598,0.1961,NSE,2025-11-05,ASHOKLEY_V1,MANUAL,CLEAN,0.92,sample_ASHOKLEY_CV_2025-10,2026-05-23T07:00:39.335111Z,2026-05-23T07:00:39.335111Z,
ASHOKLEY,CV,2025-11,14248,1717,15965,0.0108,-0.2589,NSE,2025-12-06,ASHOKLEY_V1,MANUAL,CLEAN,0.91,sample_ASHOKLEY_CV_2025-11,2026-05-23T07:00:39.340952Z,2026-05-23T07:00:39.340952Z,
ASHOKLEY,CV,2025-12,15332,1995,17327,0.0418,0.0853,NSE,2026-01-05,ASHOKLEY_V1,MANUAL,CLEAN,0.91,sample_ASHOKLEY_CV_2025-12,2026-05-23T07:00:39.345025Z,2026-05-23T07:00:39.345025Z,
ASHOKLEY,CV,2026-01,13662,1582,15244,0.003,-0.1202,NSE,2026-02-05,ASHOKLEY_V1,MANUAL,CLEAN,0.9,sample_ASHOKLEY_CV_2026-01,2026-05-23T07:00:39.353407Z,2026-05-23T07:00:39.353407Z,
ASHOKLEY,CV,2026-01,14181,1878,16059,0.0826,0.0535,NSE,2026-02-05,ASHOKLEY_V1,MANUAL,CLEAN,0.89,sample_ASHOKLEY_CV_2026-01,2026-05-23T07:00:39.358786Z,2026-05-23T07:00:39.358786Z,
ASHOKLEY,CV,2026-03,18163,2158,20321,0.0513,0.2654,NSE,2026-04-05,ASHOKLEY_V1,MANUAL,CLEAN,0.92,sample_ASHOKLEY_CV_2026-03,2026-05-23T07:00:39.365857Z,2026-05-23T07:00:39.365857Z,
ASHOKLEY,CV,2026-04,14632,1737,16369,0.0782,-0.1945,NSE,2026-05-07,ASHOKLEY_V1,MANUAL,CLEAN,0.89,sample_ASHOKLEY_CV_2026-04,2026-05-23T07:00:39.371375Z,2026-05-23T07:00:39.371375Z,
BAJAJ,2W,2024-05,170593,138449,309042,,,NSE,2024-06-03,BAJAJ_V1,MANUAL,CLEAN,0.95,sample_BAJAJ_2W_2024-05,2026-05-23T07:00:39.121583Z,2026-05-23T07:00:39.122823Z,
BAJAJ,2W,2024-06,148801,121485,270286,,-0.1254,NSE,2024-07-04,BAJAJ_V1,MANUAL,CLEAN,0.94,sample_BAJAJ_2W_2024-06,2026-05-23T07:00:39.130102Z,2026-05-23T07:00:39.130102Z,
BAJAJ,2W,2024-07,151323,122514,273837,,0.0131,NSE,2024-08-02,BAJAJ_V1,MANUAL,CLEAN,0.97,sample_BAJAJ_2W_2024-07,2026-05-23T07:00:39.158923Z,2026-05-23T07:00:39.158923Z,
BAJAJ,2W,2024-08,156852,121213,278065,,0.0154,NSE,2024-09-04,BAJAJ_V1,MANUAL,CLEAN,0.94,sample_BAJAJ_2W_2024-08,2026-05-23T07:00:39.181626Z,2026-05-23T07:00:39.181626Z,
BAJAJ,2W,2024-09,189639,152493,342132,,0.2304,BSE,2024-10-03,BAJAJ_V1,MANUAL,CLEAN,0.87,sample_BAJAJ_2W_2024-09,2026-05-23T07:00:39.197466Z,2026-05-23T07:00:39.197466Z,
BAJAJ,2W,2024-10,221732,175390,397122,,0.1607,NSE,2024-11-02,BAJAJ_V1,MANUAL,CLEAN,0.88,sample_BAJAJ_2W_2024-10,2026-05-23T07:00:39.212820Z,2026-05-23T07:00:39.212820Z,
BAJAJ,2W,2024-11,162963,114090,277053,,-0.3023,NSE,2024-12-03,BAJAJ_V1,MANUAL,CLEAN,0.9,sample_BAJAJ_2W_2024-11,2026-05-23T07:00:39.224736Z,2026-05-23T07:00:39.224736Z,
BAJAJ,2W,2024-12,174017,129093,303110,,0.0941,NSE,2025-01-03,BAJAJ_V1,MANUAL,CLEAN,0.88,sample_BAJAJ_2W_2024-12,2026-05-23T07:00:39.232540Z,2026-05-23T07:00:39.232540Z,
BAJAJ,2W,2025-01,165747,115020,280767,,-0.0737,NSE,2025-02-04,BAJAJ_V1,MANUAL,CLEAN,0.98,sample_BAJAJ_2W_2025-01,2026-05-23T07:00:39.240690Z,2026-05-23T07:00:39.240690Z,
BAJAJ,2W,2025-02,163969,134820,298789,,0.0642,NSE,2025-03-04,BAJAJ_V1,MANUAL,CLEAN,0.86,sample_BAJAJ_2W_2025-02,2026-05-23T07:00:39.254408Z,2026-05-23T07:00:39.254408Z,
BAJAJ,2W,2025-03,209554,142671,352225,,0.1788,NSE,2025-04-02,BAJAJ_V1,MANUAL,CLEAN,0.99,sample_BAJAJ_2W_2025-03,2026-05-23T07:00:39.257906Z,2026-05-23T07:00:39.257906Z,
BAJAJ,2W,2025-04,168850,127416,296266,,-0.1589,NSE,2025-05-04,BAJAJ_V1,MANUAL,CLEAN,0.99,sample_BAJAJ_2W_2025-04,2026-05-23T07:00:39.277589Z,2026-05-23T07:00:39.277589Z,
BAJAJ,2W,2025-05,187683,145996,333679,0.0797,0.1263,NSE,2025-06-04,BAJAJ_V1,MANUAL,CLEAN,0.95,sample_BAJAJ_2W_2025-05,2026-05-23T07:00:39.293732Z,2026-05-23T07:00:39.293732Z,
BAJAJ,2W,2025-06,166141,110554,276695,0.0237,-0.1708,NSE,2025-07-03,BAJAJ_V1,MANUAL,CLEAN,0.93,sample_BAJAJ_2W_2025-06,2026-05-23T07:00:39.307586Z,2026-05-23T07:00:39.307586Z,
BAJAJ,2W,2025-07,158642,116537,275179,0.0049,-0.0055,NSE,2025-08-02,BAJAJ_V1,MANUAL,CLEAN,0.95,sample_BAJAJ_2W_2025-07,2026-05-23T07:00:39.315701Z,2026-05-23T07:00:39.315701Z,
BAJAJ,2W,2025-08,167584,132265,299849,0.0783,0.0897,NSE,2025-09-04,BAJAJ_V1,MANUAL,CLEAN,0.98,sample_BAJAJ_2W_2025-08,2026-05-23T07:00:39.321880Z,2026-05-23T07:00:39.321880Z,
BAJAJ,2W,2025-09,193651,153924,347575,0.0159,0.1592,NSE,2025-10-02,BAJAJ_V1,MANUAL,CLEAN,0.97,sample_BAJAJ_2W_2025-09,2026-05-23T07:00:39.331774Z,2026-05-23T07:00:39.331774Z,
BAJAJ,2W,2025-10,224403,162145,386548,-0.0266,0.1121,NSE,2025-11-02,BAJAJ_V1,MANUAL,CLEAN,0.85,sample_BAJAJ_2W_2025-10,2026-05-23T07:00:39.335111Z,2026-05-23T07:00:39.335111Z,
BAJAJ,2W,2025-11,175218,126982,302200,0.0908,-0.2182,NSE,2025-12-04,BAJAJ_V1,MANUAL,CLEAN,0.86,sample_BAJAJ_2W_2025-11,2026-05-23T07:00:39.338319Z,2026-05-23T07:00:39.338319Z,
BAJAJ,2W,2025-12,181035,122726,303761,0.0021,0.0052,NSE,2026-01-02,BAJAJ_V1,MANUAL,CLEAN,0.98,sample_BAJAJ_2W_2025-12,2026-05-23T07:00:39.343520Z,2026-05-23T07:00:39.343520Z,
BAJAJ,2W,2026-01,170866,130527,301393,0.0735,-0.0078,NSE,2026-02-02,BAJAJ_V1,MANUAL,CLEAN,0.94,sample_BAJAJ_2W_2026-01,2026-05-23T07:00:39.349268Z,2026-05-23T07:00:39.349268Z,
BAJAJ,2W,2026-01,162905,123991,286896,-0.0398,-0.0481,NSE,2026-02-03,BAJAJ_V1,MANUAL,CLEAN,0.86,sample_BAJAJ_2W_2026-01,2026-05-23T07:00:39.356303Z,2026-05-23T07:00:39.356303Z,
BAJAJ,2W,2026-03,224639,175081,399720,0.1348,0.3933,NSE,2026-04-04,BAJAJ_V1,MANUAL,CLEAN,0.89,sample_BAJAJ_2W_2026-03,2026-05-23T07:00:39.363847Z,2026-05-23T07:00:39.363847Z,
BAJAJ,2W,2026-04,174891,119395,294286,-0.0067,-0.2638,NSE,2026-05-03,BAJAJ_V1,MANUAL,CLEAN,0.95,sample_BAJAJ_2W_2026-04,2026-05-23T07:00:39.371375Z,2026-05-23T07:00:39.371375Z,
BAJAJ,3W,2024-05,27230,15271,42501,,,BSE,2024-06-03,BAJAJ_V1,MANUAL,CLEAN,0.97,sample_BAJAJ_3W_2024-05,2026-05-23T07:00:39.122823Z,2026-05-23T07:00:39.122823Z,
BAJAJ,3W,2024-06,26878,14783,41661,,-0.0198,NSE,2024-07-02,BAJAJ_V1,MANUAL,CLEAN,0.96,sample_BAJAJ_3W_2024-06,2026-05-23T07:00:39.130699Z,2026-05-23T07:00:39.130699Z,
BAJAJ,3W,2024-07,26215,14032,40247,,-0.0339,NSE,2024-08-04,BAJAJ_V1,MANUAL,CLEAN,0.99,sample_BAJAJ_3W_2024-07,2026-05-23T07:00:39.158923Z,2026-05-23T07:00:39.158923Z,
BAJAJ,3W,2024-08,28207,15438,43645,,0.0844,NSE,2024-09-02,BAJAJ_V1,MANUAL,CLEAN,0.95,sample_BAJAJ_3W_2024-08,2026-05-23T07:00:39.185284Z,2026-05-23T07:00:39.185284Z,
BAJAJ,3W,2024-09,33620,18616,52236,,0.1968,NSE,2024-10-03,BAJAJ_V1,MANUAL,CLEAN,0.93,sample_BAJAJ_3W_2024-09,2026-05-23T07:00:39.197466Z,2026-05-23T07:00:39.197466Z,
BAJAJ,3W,2024-10,38246,24026,62272,,0.1921,NSE,2024-11-03,BAJAJ_V1,MANUAL,CLEAN,0.88,sample_BAJAJ_3W_2024-10,2026-05-23T07:00:39.213815Z,2026-05-23T07:00:39.213815Z,
BAJAJ,3W,2024-11,29956,17452,47408,,-0.2387,NSE,2024-12-03,BAJAJ_V1,MANUAL,CLEAN,0.86,sample_BAJAJ_3W_2024-11,2026-05-23T07:00:39.226510Z,2026-05-23T07:00:39.226510Z,
BAJAJ,3W,2024-12,31516,18185,49701,,0.0484,NSE,2025-01-04,BAJAJ_V1,MANUAL,CLEAN,0.89,sample_BAJAJ_3W_2024-12,2026-05-23T07:00:39.233253Z,2026-05-23T07:00:39.233253Z,
BAJAJ,3W,2025-01,26788,16414,43202,,-0.1308,NSE,2025-02-03,BAJAJ_V1,MANUAL,CLEAN,0.94,sample_BAJAJ_3W_2025-01,2026-05-23T07:00:39.240690Z,2026-05-23T07:00:39.240690Z,
BAJAJ,3W,2025-02,27985,15243,43228,,0.0006,NSE,2025-03-03,BAJAJ_V1,MANUAL,CLEAN,0.97,sample_BAJAJ_3W_2025-02,2026-05-23T07:00:39.254408Z,2026-05-23T07:00:39.254408Z,
BAJAJ,3W,2025-03,34568,18751,53319,,0.2334,NSE,2025-04-03,BAJAJ_V1,MANUAL,CLEAN,0.98,sample_BAJAJ_3W_2025-03,2026-05-23T07:00:39.257906Z,2026-05-23T07:00:39.257906Z,
BAJAJ,3W,2025-04,31216,19832,51048,,-0.0426,NSE,2025-05-03,BAJAJ_V1,MANUAL,CLEAN,0.88,sample_BAJAJ_3W_2025-04,2026-05-23T07:00:39.288093Z,2026-05-23T07:00:39.288093Z,
BAJAJ,3W,2025-05,29262,17198,46460,0.0932,-0.0899,NSE,2025-06-02,BAJAJ_V1,MANUAL,NEEDS_REVIEW,0.33,sample_BAJAJ_3W_2025-05,2026-05-23T07:00:39.295739Z,2026-05-23T07:00:39.295739Z,Parser confidence below threshold
BAJAJ,3W,2025-06,28831,16804,45635,0.0954,-0.0178,NSE,2025-07-04,BAJAJ_V1,MANUAL,CLEAN,0.91,sample_BAJAJ_3W_2025-06,2026-05-23T07:00:39.308490Z,2026-05-23T07:00:39.308490Z,
BAJAJ,3W,2025-07,28523,17391,45914,0.1408,0.0061,NSE,2025-08-02,BAJAJ_V1,MANUAL,CLEAN,0.87,sample_BAJAJ_3W_2025-07,2026-05-23T07:00:39.315701Z,2026-05-23T07:00:39.315701Z,
BAJAJ,3W,2025-08,28815,17139,45954,0.0529,0.0009,NSE,2025-09-04,BAJAJ_V1,MANUAL,CLEAN,0.91,sample_BAJAJ_3W_2025-08,2026-05-23T07:00:39.323892Z,2026-05-23T07:00:39.323892Z,
BAJAJ,3W,2025-09,34661,21722,56383,0.0794,0.2269,NSE,2025-10-04,BAJAJ_V1,MANUAL,CLEAN,0.94,sample_BAJAJ_3W_2025-09,2026-05-23T07:00:39.331774Z,2026-05-23T07:00:39.331774Z,
BAJAJ,3W,2025-10,41079,26653,67732,0.0877,0.2013,NSE,2025-11-04,BAJAJ_V1,MANUAL,CLEAN,0.87,sample_BAJAJ_3W_2025-10,2026-05-23T07:00:39.335111Z,2026-05-23T07:00:39.335111Z,
BAJAJ,3W,2025-11,31279,17804,49083,0.0353,-0.2753,NSE,2025-12-02,BAJAJ_V1,MANUAL,CLEAN,0.9,sample_BAJAJ_3W_2025-11,2026-05-23T07:00:39.338319Z,2026-05-23T07:00:39.338319Z,
BAJAJ,3W,2025-12,31980,17290,49270,-0.0087,0.0038,BSE,2026-01-04,BAJAJ_V1,MANUAL,CLEAN,0.99,sample_BAJAJ_3W_2025-12,2026-05-23T07:00:39.343520Z,2026-05-23T07:00:39.343520Z,
BAJAJ,3W,2026-01,28307,18845,47152,0.0914,-0.043,NSE,2026-02-03,BAJAJ_V1,MANUAL,CLEAN,0.96,sample_BAJAJ_3W_2026-01,2026-05-23T07:00:39.349789Z,2026-05-23T07:00:39.349789Z,
BAJAJ,3W,2026-01,27901,16070,43971,0.0172,-0.0675,NSE,2026-02-03,BAJAJ_V1,MANUAL,CLEAN,0.87,sample_BAJAJ_3W_2026-01,2026-05-23T07:00:39.357251Z,2026-05-23T07:00:39.357251Z,
BAJAJ,3W,2026-03,36619,24258,60877,0.1418,0.3845,NSE,2026-04-04,BAJAJ_V1,MANUAL,CLEAN,0.87,sample_BAJAJ_3W_2026-03,2026-05-23T07:00:39.363847Z,2026-05-23T07:00:39.363847Z,
BAJAJ,3W,2026-04,29609,17071,46680,-0.0856,-0.2332,NSE,2026-05-03,BAJAJ_V1,MANUAL,CLEAN,0.96,sample_BAJAJ_3W_2026-04,2026-05-23T07:00:39.371375Z,2026-05-23T07:00:39.371375Z,
EICHER,2W,2024-05,62443,11629,74072,,,NSE,2024-06-06,EICHER_V1,MANUAL,CLEAN,0.88,sample_EICHER_2W_2024-05,2026-05-23T07:00:39.122823Z,2026-05-23T07:00:39.122823Z,
EICHER,2W,2024-06,60195,10672,70867,,-0.0433,NSE,2024-07-04,EICHER_V1,MANUAL,CLEAN,0.98,sample_EICHER_2W_2024-06,2026-05-23T07:00:39.130699Z,2026-05-23T07:00:39.130699Z,
EICHER,2W,2024-07,58913,10486,69399,,-0.0207,NSE,2024-08-06,EICHER_V1,MANUAL,CLEAN,0.87,sample_EICHER_2W_2024-07,2026-05-23T07:00:39.168939Z,2026-05-23T07:00:39.168939Z,
EICHER,2W,2024-08,56339,10471,66810,,-0.0373,NSE,2024-09-04,EICHER_V1,MANUAL,CLEAN,0.93,sample_EICHER_2W_2024-08,2026-05-23T07:00:39.190882Z,2026-05-23T07:00:39.190882Z,
EICHER,2W,2024-09,71446,11519,82965,,0.2418,BSE,2024-10-04,EICHER_V1,MANUAL,CLEAN,0.98,sample_EICHER_2W_2024-09,2026-05-23T07:00:39.201725Z,2026-05-23T07:00:39.201725Z,
EICHER,2W,2024-10,84701,13947,98648,,0.189,NSE,2024-11-04,EICHER_V1,MANUAL,CLEAN,0.89,sample_EICHER_2W_2024-10,2026-05-23T07:00:39.213815Z,2026-05-23T07:00:39.213815Z,
EICHER,2W,2024-11,67334,11128,78462,,-0.2046,NSE,2024-12-05,EICHER_V1,MANUAL,CLEAN,0.87,sample_EICHER_2W_2024-11,2026-05-23T07:00:39.227516Z,2026-05-23T07:00:39.227516Z,
EICHER,2W,2024-12,68260,11019,79279,,0.0104,NSE,2025-01-06,EICHER_V1,MANUAL,CLEAN,0.91,sample_EICHER_2W_2024-12,2026-05-23T07:00:39.235163Z,2026-05-23T07:00:39.235163Z,
EICHER,2W,2025-01,58828,10650,69478,,-0.1236,NSE,2025-02-04,EICHER_V1,MANUAL,CLEAN,0.98,sample_EICHER_2W_2025-01,2026-05-23T07:00:39.242133Z,2026-05-23T07:00:39.242133Z,
EICHER,2W,2025-02,60569,11241,71810,,0.0336,NSE,2025-03-06,EICHER_V1,MANUAL,CLEAN,0.95,sample_EICHER_2W_2025-02,2026-05-23T07:00:39.255404Z,2026-05-23T07:00:39.255404Z,
EICHER,2W,2025-03,79653,14102,93755,,0.3056,NSE,2025-04-06,EICHER_V1,MANUAL,CLEAN,0.86,sample_EICHER_2W_2025-03,2026-05-23T07:00:39.270047Z,2026-05-23T07:00:39.270047Z,
EICHER,2W,2025-04,62557,11451,74008,,-0.2106,NSE,2025-05-05,EICHER_V1,MANUAL,CLEAN,0.87,sample_EICHER_2W_2025-04,2026-05-23T07:00:39.289763Z,2026-05-23T07:00:39.289763Z,
EICHER,2W,2025-05,64116,11578,75694,0.0219,0.0228,NSE,2025-06-05,EICHER_V1,MANUAL,CLEAN,0.88,sample_EICHER_2W_2025-05,2026-05-23T07:00:39.300620Z,2026-05-23T07:00:39.300620Z,
EICHER,2W,2025-06,61311,10623,71934,0.0151,-0.0497,BSE,2025-07-05,EICHER_V1,MANUAL,CLEAN,0.95,sample_EICHER_2W_2025-06,2026-05-23T07:00:39.310498Z,2026-05-23T07:00:39.310498Z,
EICHER,2W,2025-07,61951,9198,71149,0.0252,-0.0109,BSE,2025-08-05,EICHER_V1,MANUAL,CLEAN,0.86,sample_EICHER_2W_2025-07,2026-05-23T07:00:39.315701Z,2026-05-23T07:00:39.315701Z,
EICHER,2W,2025-08,62149,9208,71357,0.0681,0.0029,NSE,2025-09-05,EICHER_V1,MANUAL,CLEAN,0.86,sample_EICHER_2W_2025-08,2026-05-23T07:00:39.325309Z,2026-05-23T07:00:39.325309Z,
EICHER,2W,2025-09,77544,11490,89034,0.0732,0.2477,NSE,2025-10-05,EICHER_V1,MANUAL,CLEAN,0.94,sample_EICHER_2W_2025-09,2026-05-23T07:00:39.331774Z,2026-05-23T07:00:39.331774Z,
EICHER,2W,2025-10,88779,13864,102643,0.0405,0.1529,NSE,2025-11-04,EICHER_V1,MANUAL,CLEAN,0.91,sample_EICHER_2W_2025-10,2026-05-23T07:00:39.335111Z,2026-05-23T07:00:39.335111Z,
EICHER,2W,2025-11,68454,12291,80745,0.0291,-0.2133,NSE,2025-12-06,EICHER_V1,MANUAL,CLEAN,0.86,sample_EICHER_2W_2025-11,2026-05-23T07:00:39.340326Z,2026-05-23T07:00:39.340326Z,
EICHER,2W,2025-12,70773,11401,82174,0.0365,0.0177,NSE,2026-01-06,EICHER_V1,MANUAL,CLEAN,0.96,sample_EICHER_2W_2025-12,2026-05-23T07:00:39.345025Z,2026-05-23T07:00:39.345025Z,
EICHER,2W,2026-01,62895,10637,73532,0.0583,-0.1052,NSE,2026-02-05,EICHER_V1,MANUAL,CLEAN,0.87,sample_EICHER_2W_2026-01,2026-05-23T07:00:39.352527Z,2026-05-23T07:00:39.352527Z,
EICHER,2W,2026-01,62878,9497,72375,0.0079,-0.0157,NSE,2026-02-05,EICHER_V1,MANUAL,CLEAN,0.96,sample_EICHER_2W_2026-01,2026-05-23T07:00:39.358281Z,2026-05-23T07:00:39.358281Z,
EICHER,2W,2026-03,82431,15166,97597,0.041,0.3485,NSE,2026-04-06,EICHER_V1,MANUAL,CLEAN,0.87,sample_EICHER_2W_2026-03,2026-05-23T07:00:39.365857Z,2026-05-23T07:00:39.365857Z,
EICHER,2W,2026-04,72943,11579,84522,0.1421,-0.134,NSE,2026-05-06,EICHER_V1,MANUAL,CLEAN,0.89,sample_EICHER_2W_2026-04,2026-05-23T07:00:39.371375Z,2026-05-23T07:00:39.371375Z,
ESCORTS,Tractor,2024-05,7803,1066,8869,,,BSE,2024-06-08,ESCORTS_V1,MANUAL,CLEAN,0.93,sample_ESCORTS_Tractor_2024-05,2026-05-23T07:00:39.126765Z,2026-05-23T07:00:39.126765Z,
ESCORTS,Tractor,2024-06,8825,1347,10172,,0.1469,NSE,2024-07-08,ESCORTS_V1,MANUAL,CLEAN,0.91,sample_ESCORTS_Tractor_2024-06,2026-05-23T07:00:39.134768Z,2026-05-23T07:00:39.134768Z,
ESCORTS,Tractor,2024-07,8254,1065,9319,,-0.0839,NSE,2024-08-09,ESCORTS_V1,MANUAL,CLEAN,0.97,sample_ESCORTS_Tractor_2024-07,2026-05-23T07:00:39.170198Z,2026-05-23T07:00:39.170198Z,
ESCORTS,Tractor,2024-08,7019,902,7921,,-0.15,NSE,2024-09-09,ESCORTS_V1,MANUAL,CLEAN,0.87,sample_ESCORTS_Tractor_2024-08,2026-05-23T07:00:39.190882Z,2026-05-23T07:00:39.190882Z,
ESCORTS,Tractor,2024-09,8332,1179,9511,,0.2007,NSE,2024-10-09,ESCORTS_V1,MANUAL,CLEAN,0.93,sample_ESCORTS_Tractor_2024-09,2026-05-23T07:00:39.205747Z,2026-05-23T07:00:39.205747Z,
ESCORTS,Tractor,2024-10,7969,1090,9059,,-0.0475,NSE,2024-11-09,ESCORTS_V1,MANUAL,CLEAN,0.86,sample_ESCORTS_Tractor_2024-10,2026-05-23T07:00:39.218637Z,2026-05-23T07:00:39.218637Z,
ESCORTS,Tractor,2024-11,6502,958,7460,,-0.1765,NSE,2024-12-09,ESCORTS_V1,MANUAL,CLEAN,0.98,sample_ESCORTS_Tractor_2024-11,2026-05-23T07:00:39.228537Z,2026-05-23T07:00:39.228537Z,
ESCORTS,Tractor,2024-12,6089,928,7017,,-0.0594,NSE,2025-01-09,ESCORTS_V1,MANUAL,CLEAN,0.93,sample_ESCORTS_Tractor_2024-12,2026-05-23T07:00:39.236161Z,2026-05-23T07:00:39.236161Z,
ESCORTS,Tractor,2025-01,6407,866,7273,,0.0365,BSE,2025-02-08,ESCORTS_V1,MANUAL,CLEAN,0.97,sample_ESCORTS_Tractor_2025-01,2026-05-23T07:00:39.242133Z,2026-05-23T07:00:39.242133Z,
ESCORTS,Tractor,2025-02,7085,1016,8101,,0.1138,NSE,2025-03-08,ESCORTS_V1,MANUAL,CLEAN,0.87,sample_ESCORTS_Tractor_2025-02,2026-05-23T07:00:39.255404Z,2026-05-23T07:00:39.255404Z,
ESCORTS,Tractor,2025-03,9114,1361,10475,,0.2931,NSE,2025-04-08,ESCORTS_V1,MANUAL,CLEAN,0.95,sample_ESCORTS_Tractor_2025-03,2026-05-23T07:00:39.270047Z,2026-05-23T07:00:39.270047Z,
ESCORTS,Tractor,2025-04,9169,1249,10418,,-0.0054,BSE,2025-05-09,ESCORTS_V1,MANUAL,CLEAN,0.89,sample_ESCORTS_Tractor_2025-04,2026-05-23T07:00:39.289763Z,2026-05-23T07:00:39.289763Z,
ESCORTS,Tractor,2025-05,8079,1187,9266,0.0448,-0.1106,NSE,2025-06-08,ESCORTS_V1,MANUAL,CLEAN,0.93,sample_ESCORTS_Tractor_2025-05,2026-05-23T07:00:39.300620Z,2026-05-23T07:00:39.300620Z,
ESCORTS,Tractor,2025-06,9574,1489,11063,0.0876,0.1939,NSE,2025-07-10,ESCORTS_V1,MANUAL,CLEAN,0.98,sample_ESCORTS_Tractor_2025-06,2026-05-23T07:00:39.311891Z,2026-05-23T07:00:39.311891Z,
ESCORTS,Tractor,2025-07,8537,1234,9771,0.0485,-0.1168,NSE,2025-08-09,ESCORTS_V1,MANUAL,CLEAN,0.9,sample_ESCORTS_Tractor_2025-07,2026-05-23T07:00:39.315701Z,2026-05-23T07:00:39.315701Z,
ESCORTS,Tractor,2025-08,7836,1257,9093,0.148,-0.0694,NSE,2025-09-10,ESCORTS_V1,MANUAL,CLEAN,0.91,sample_ESCORTS_Tractor_2025-08,2026-05-23T07:00:39.326962Z,2026-05-23T07:00:39.326962Z,
ESCORTS,Tractor,2025-09,9363,1246,10609,0.1154,0.1667,NSE,2025-10-09,ESCORTS_V1,MANUAL,CLEAN,0.9,sample_ESCORTS_Tractor_2025-09,2026-05-23T07:00:39.331774Z,2026-05-23T07:00:39.331774Z,
ESCORTS,Tractor,2025-10,8695,1298,9993,0.1031,-0.0581,NSE,2025-11-10,ESCORTS_V1,MANUAL,CLEAN,0.87,sample_ESCORTS_Tractor_2025-10,2026-05-23T07:00:39.335111Z,2026-05-23T07:00:39.335111Z,
ESCORTS,Tractor,2025-11,7201,1005,8206,0.1,-0.1788,NSE,2025-12-08,ESCORTS_V1,MANUAL,CLEAN,0.98,sample_ESCORTS_Tractor_2025-11,2026-05-23T07:00:39.340952Z,2026-05-23T07:00:39.340952Z,
ESCORTS,Tractor,2025-12,6830,983,7813,0.1134,-0.0479,NSE,2026-01-09,ESCORTS_V1,MANUAL,CLEAN,0.97,sample_ESCORTS_Tractor_2025-12,2026-05-23T07:00:39.345837Z,2026-05-23T07:00:39.345837Z,
ESCORTS,Tractor,2026-01,7204,979,8183,0.1251,0.0474,NSE,2026-02-08,ESCORTS_V1,MANUAL,CLEAN,0.98,sample_ESCORTS_Tractor_2026-01,2026-05-23T07:00:39.353407Z,2026-05-23T07:00:39.353407Z,
ESCORTS,Tractor,2026-01,7271,1171,8442,0.0421,0.0317,NSE,2026-02-10,ESCORTS_V1,MANUAL,CLEAN,0.95,sample_ESCORTS_Tractor_2026-01,2026-05-23T07:00:39.359393Z,2026-05-23T07:00:39.359393Z,
ESCORTS,Tractor,2026-03,10290,1329,11619,0.1092,0.3763,NSE,2026-04-09,ESCORTS_V1,MANUAL,CLEAN,0.92,sample_ESCORTS_Tractor_2026-03,2026-05-23T07:00:39.365857Z,2026-05-23T07:00:39.365857Z,
ESCORTS,Tractor,2026-04,9215,1334,10549,0.0126,-0.0921,NSE,2026-05-10,ESCORTS_V1,MANUAL,CLEAN,0.95,sample_ESCORTS_Tractor_2026-04,2026-05-23T07:00:39.371375Z,2026-05-23T07:00:39.371375Z,
HEROMOTOCO,2W,2024-05,420931,23361,444292,,,NSE,2024-06-04,HEROMOTOCO_V1,MANUAL,CLEAN,0.9,sample_HEROMOTOCO_2W_2024-05,2026-05-23T07:00:39.122823Z,2026-05-23T07:00:39.122823Z,
HEROMOTOCO,2W,2024-06,372800,18749,391549,,-0.1187,NSE,2024-07-04,HEROMOTOCO_V1,MANUAL,CLEAN,0.87,sample_HEROMOTOCO_2W_2024-06,2026-05-23T07:00:39.130699Z,2026-05-23T07:00:39.130699Z,
HEROMOTOCO,2W,2024-07,383477,23746,407223,,0.04,NSE,2024-08-03,HEROMOTOCO_V1,MANUAL,CLEAN,0.92,sample_HEROMOTOCO_2W_2024-07,2026-05-23T07:00:39.158923Z,2026-05-23T07:00:39.158923Z,
HEROMOTOCO,2W,2024-08,359633,19474,379107,,-0.069,NSE,2024-09-03,HEROMOTOCO_V1,MANUAL,CLEAN,0.88,sample_HEROMOTOCO_2W_2024-08,2026-05-23T07:00:39.185789Z,2026-05-23T07:00:39.185789Z,
HEROMOTOCO,2W,2024-09,437285,26705,463990,,0.2239,NSE,2024-10-04,HEROMOTOCO_V1,MANUAL,CLEAN,0.92,sample_HEROMOTOCO_2W_2024-09,2026-05-23T07:00:39.199304Z,2026-05-23T07:00:39.199304Z,
HEROMOTOCO,2W,2024-10,538194,30432,568626,,0.2255,NSE,2024-11-04,HEROMOTOCO_V1,MANUAL,CLEAN,0.99,sample_HEROMOTOCO_2W_2024-10,2026-05-23T07:00:39.213815Z,2026-05-23T07:00:39.213815Z,
HEROMOTOCO,2W,2024-11,383191,22103,405294,,-0.2872,NSE,2024-12-04,HEROMOTOCO_V1,MANUAL,CLEAN,0.86,sample_HEROMOTOCO_2W_2024-11,2026-05-23T07:00:39.226510Z,2026-05-23T07:00:39.226510Z,
HEROMOTOCO,2W,2024-12,400964,25376,426340,,0.0519,NSE,2025-01-03,HEROMOTOCO_V1,MANUAL,CLEAN,0.91,sample_HEROMOTOCO_2W_2024-12,2026-05-23T07:00:39.233726Z,2026-05-23T07:00:39.233726Z,
HEROMOTOCO,2W,2025-01,389440,23536,412976,,-0.0313,NSE,2025-02-03,HEROMOTOCO_V1,MANUAL,CLEAN,0.89,sample_HEROMOTOCO_2W_2025-01,2026-05-23T07:00:39.240690Z,2026-05-23T07:00:39.240690Z,
HEROMOTOCO,2W,2025-02,379616,23615,403231,,-0.0236,NSE,2025-03-04,HEROMOTOCO_V1,MANUAL,CLEAN,0.88,sample_HEROMOTOCO_2W_2025-02,2026-05-23T07:00:39.254408Z,2026-05-23T07:00:39.254408Z,
HEROMOTOCO,2W,2025-03,465194,24312,489506,,0.214,BSE,2025-04-05,HEROMOTOCO_V1,MANUAL,CLEAN,0.86,sample_HEROMOTOCO_2W_2025-03,2026-05-23T07:00:39.257906Z,2026-05-23T07:00:39.257906Z,
HEROMOTOCO,2W,2025-04,431605,22999,454604,,-0.0713,NSE,2025-05-03,HEROMOTOCO_V1,MANUAL,CLEAN,0.94,sample_HEROMOTOCO_2W_2025-04,2026-05-23T07:00:39.288811Z,2026-05-23T07:00:39.288811Z,
HEROMOTOCO,2W,2025-05,449909,24350,474259,0.0674,0.0432,NSE,2025-06-05,HEROMOTOCO_V1,MANUAL,CLEAN,0.91,sample_HEROMOTOCO_2W_2025-05,2026-05-23T07:00:39.296468Z,2026-05-23T07:00:39.296468Z,
HEROMOTOCO,2W,2025-06,398603,20586,419189,0.0706,-0.1161,NSE,2025-07-05,HEROMOTOCO_V1,MANUAL,CLEAN,0.94,sample_HEROMOTOCO_2W_2025-06,2026-05-23T07:00:39.310498Z,2026-05-23T07:00:39.310498Z,
HEROMOTOCO,2W,2025-07,398284,20299,418583,0.0279,-0.0014,NSE,2025-08-03,HEROMOTOCO_V1,MANUAL,CLEAN,0.94,sample_HEROMOTOCO_2W_2025-07,2026-05-23T07:00:39.315701Z,2026-05-23T07:00:39.315701Z,
HEROMOTOCO,2W,2025-08,417542,24228,441770,0.1653,0.0554,BSE,2025-09-05,HEROMOTOCO_V1,MANUAL,CLEAN,0.9,sample_HEROMOTOCO_2W_2025-08,2026-05-23T07:00:39.325309Z,2026-05-23T07:00:39.325309Z,
HEROMOTOCO,2W,2025-09,472224,23864,496088,0.0692,0.123,NSE,2025-10-04,HEROMOTOCO_V1,MANUAL,CLEAN,0.88,sample_HEROMOTOCO_2W_2025-09,2026-05-23T07:00:39.331774Z,2026-05-23T07:00:39.331774Z,
HEROMOTOCO,2W,2025-10,516543,32473,549016,-0.0345,0.1067,NSE,2025-11-04,HEROMOTOCO_V1,MANUAL,CLEAN,0.87,sample_HEROMOTOCO_2W_2025-10,2026-05-23T07:00:39.335111Z,2026-05-23T07:00:39.335111Z,
HEROMOTOCO,2W,2025-11,410939,22738,433677,0.07,-0.2101,NSE,2025-12-04,HEROMOTOCO_V1,MANUAL,CLEAN,0.98,sample_HEROMOTOCO_2W_2025-11,2026-05-23T07:00:39.338319Z,2026-05-23T07:00:39.338319Z,
HEROMOTOCO,2W,2025-12,459779,27594,487373,0.1432,0.1238,NSE,2026-01-05,HEROMOTOCO_V1,MANUAL,CLEAN,0.97,sample_HEROMOTOCO_2W_2025-12,2026-05-23T07:00:39.343520Z,2026-05-23T07:00:39.343520Z,
HEROMOTOCO,2W,2026-01,401978,22714,424692,0.0284,-0.1286,NSE,2026-02-05,HEROMOTOCO_V1,MANUAL,CLEAN,0.91,sample_HEROMOTOCO_2W_2026-01,2026-05-23T07:00:39.349789Z,2026-05-23T07:00:39.349789Z,
HEROMOTOCO,2W,2026-01,427674,22325,449999,0.116,0.0596,NSE,2026-02-05,HEROMOTOCO_V1,MANUAL,CLEAN,0.91,sample_HEROMOTOCO_2W_2026-01,2026-05-23T07:00:39.357757Z,2026-05-23T07:00:39.357757Z,
HEROMOTOCO,2W,2026-03,533210,29589,562799,0.1497,0.2507,NSE,2026-04-04,HEROMOTOCO_V1,MANUAL,CLEAN,0.98,sample_HEROMOTOCO_2W_2026-03,2026-05-23T07:00:39.363847Z,2026-05-23T07:00:39.363847Z,
HEROMOTOCO,2W,2026-04,423060,26241,449301,-0.0117,-0.2017,NSE,2026-05-04,HEROMOTOCO_V1,MANUAL,CLEAN,0.92,sample_HEROMOTOCO_2W_2026-04,2026-05-23T07:00:39.371375Z,2026-05-23T07:00:39.371375Z,
MAHINDRA_AUTO,CV,2024-05,20246,1225,21471,,,NSE,2024-06-05,MAHINDRA_AUTO_V1,MANUAL,CLEAN,0.9,sample_MAHINDRA_AUTO_CV_2024-05,2026-05-23T07:00:39.120585Z,2026-05-23T07:00:39.120585Z,
MAHINDRA_AUTO,CV,2024-06,20489,1165,21654,,0.0085,NSE,2024-07-04,MAHINDRA_AUTO_V1,MANUAL,CLEAN,0.93,sample_MAHINDRA_AUTO_CV_2024-06,2026-05-23T07:00:39.128989Z,2026-05-23T07:00:39.128989Z,
MAHINDRA_AUTO,CV,2024-07,18933,1024,19957,,-0.0784,NSE,2024-08-06,MAHINDRA_AUTO_V1,MANUAL,CLEAN,0.94,sample_MAHINDRA_AUTO_CV_2024-07,2026-05-23T07:00:39.140990Z,2026-05-23T07:00:39.140990Z,
MAHINDRA_AUTO,CV,2024-08,20820,1019,21839,,0.0943,NSE,2024-09-04,MAHINDRA_AUTO_V1,MANUAL,CLEAN,0.87,sample_MAHINDRA_AUTO_CV_2024-08,2026-05-23T07:00:39.177657Z,2026-05-23T07:00:39.177657Z,
MAHINDRA_AUTO,CV,2024-09,23255,1177,24432,,0.1187,NSE,2024-10-05,MAHINDRA_AUTO_V1,MANUAL,CLEAN,0.96,sample_MAHINDRA_AUTO_CV_2024-09,2026-05-23T07:00:39.193987Z,2026-05-23T07:00:39.193987Z,
MAHINDRA_AUTO,CV,2024-10,26083,1260,27343,,0.1191,BSE,2024-11-04,MAHINDRA_AUTO_V1,MANUAL,CLEAN,0.94,sample_MAHINDRA_AUTO_CV_2024-10,2026-05-23T07:00:39.210391Z,2026-05-23T07:00:39.210391Z,
MAHINDRA_AUTO,CV,2024-11,21016,1192,22208,,-0.1878,NSE,2024-12-05,MAHINDRA_AUTO_V1,MANUAL,CLEAN,0.97,sample_MAHINDRA_AUTO_CV_2024-11,2026-05-23T07:00:39.222752Z,2026-05-23T07:00:39.222752Z,
MAHINDRA_AUTO,CV,2024-12,22624,1358,23982,,0.0799,NSE,2025-01-05,MAHINDRA_AUTO_V1,MANUAL,CLEAN,0.97,sample_MAHINDRA_AUTO_CV_2024-12,2026-05-23T07:00:39.231543Z,2026-05-23T07:00:39.231543Z,
MAHINDRA_AUTO,CV,2025-01,21200,1150,22350,,-0.0681,NSE,2025-02-04,MAHINDRA_AUTO_V1,MANUAL,CLEAN,0.86,sample_MAHINDRA_AUTO_CV_2025-01,2026-05-23T07:00:39.239688Z,2026-05-23T07:00:39.239688Z,
MAHINDRA_AUTO,CV,2025-02,21075,1191,22266,,-0.0038,NSE,2025-03-05,MAHINDRA_AUTO_V1,MANUAL,CLEAN,0.93,sample_MAHINDRA_AUTO_CV_2025-02,2026-05-23T07:00:39.253410Z,2026-05-23T07:00:39.253410Z,
MAHINDRA_AUTO,CV,2025-03,25490,1534,27024,,0.2137,BSE,2025-04-04,MAHINDRA_AUTO_V1,MANUAL,CLEAN,0.88,sample_MAHINDRA_AUTO_CV_2025-03,2026-05-23T07:00:39.257906Z,2026-05-23T07:00:39.257906Z,
MAHINDRA_AUTO,CV,2025-04,23027,1313,24340,,-0.0993,NSE,2025-05-05,MAHINDRA_AUTO_V1,MANUAL,CLEAN,0.88,sample_MAHINDRA_AUTO_CV_2025-04,2026-05-23T07:00:39.277589Z,2026-05-23T07:00:39.277589Z,
MAHINDRA_AUTO,CV,2025-05,22783,1283,24066,0.1209,-0.0113,BSE,2025-06-05,MAHINDRA_AUTO_V1,MANUAL,CLEAN,0.89,sample_MAHINDRA_AUTO_CV_2025-05,2026-05-23T07:00:39.293732Z,2026-05-23T07:00:39.293732Z,
MAHINDRA_AUTO,CV,2025-06,19488,1135,20623,-0.0476,-0.1431,NSE,2025-07-06,MAHINDRA_AUTO_V1,MANUAL,CLEAN,0.91,sample_MAHINDRA_AUTO_CV_2025-06,2026-05-23T07:00:39.306582Z,2026-05-23T07:00:39.306582Z,
MAHINDRA_AUTO,CV,2025-07,20714,1002,21716,0.0881,0.053,NSE,2025-08-05,MAHINDRA_AUTO_V1,MANUAL,CLEAN,0.89,sample_MAHINDRA_AUTO_CV_2025-07,2026-05-23T07:00:39.313929Z,2026-05-23T07:00:39.313929Z,
MAHINDRA_AUTO,CV,2025-08,21425,1090,22515,0.031,0.0368,NSE,2025-09-04,MAHINDRA_AUTO_V1,MANUAL,CLEAN,0.94,sample_MAHINDRA_AUTO_CV_2025-08,2026-05-23T07:00:39.321880Z,2026-05-23T07:00:39.321880Z,
MAHINDRA_AUTO,CV,2025-09,25752,1561,27313,0.1179,0.2131,NSE,2025-10-06,MAHINDRA_AUTO_V1,MANUAL,CLEAN,0.9,sample_MAHINDRA_AUTO_CV_2025-09,2026-05-23T07:00:39.330378Z,2026-05-23T07:00:39.330378Z,
MAHINDRA_AUTO,CV,2025-10,28698,1424,30122,0.1016,0.1028,NSE,2025-11-04,MAHINDRA_AUTO_V1,MANUAL,CLEAN,0.89,sample_MAHINDRA_AUTO_CV_2025-10,2026-05-23T07:00:39.333781Z,2026-05-23T07:00:39.333781Z,
MAHINDRA_AUTO,CV,2025-11,23389,1176,24565,0.1061,-0.1845,NSE,2025-12-06,MAHINDRA_AUTO_V1,MANUAL,CLEAN,0.95,sample_MAHINDRA_AUTO_CV_2025-11,2026-05-23T07:00:39.337618Z,2026-05-23T07:00:39.337618Z,
MAHINDRA_AUTO,CV,2025-12,24031,1232,25263,0.0534,0.0284,NSE,2026-01-04,MAHINDRA_AUTO_V1,MANUAL,CLEAN,0.88,sample_MAHINDRA_AUTO_CV_2025-12,2026-05-23T07:00:39.342910Z,2026-05-23T07:00:39.342910Z,
MAHINDRA_AUTO,CV,2026-01,21656,1207,22863,0.023,-0.095,NSE,2026-02-06,MAHINDRA_AUTO_V1,MANUAL,CLEAN,0.94,sample_MAHINDRA_AUTO_CV_2026-01,2026-05-23T07:00:39.347343Z,2026-05-23T07:00:39.347343Z,
MAHINDRA_AUTO,CV,2026-01,21039,1089,22128,-0.0062,-0.0321,NSE,2026-02-05,MAHINDRA_AUTO_V1,MANUAL,CLEAN,0.96,sample_MAHINDRA_AUTO_CV_2026-01,2026-05-23T07:00:39.354296Z,2026-05-23T07:00:39.354296Z,
MAHINDRA_AUTO,CV,2026-03,28703,1506,30209,0.1179,0.3652,NSE,2026-04-05,MAHINDRA_AUTO_V1,MANUAL,CLEAN,0.97,sample_MAHINDRA_AUTO_CV_2026-03,2026-05-23T07:00:39.363247Z,2026-05-23T07:00:39.363247Z,
MAHINDRA_AUTO,CV,2026-04,24237,1441,25678,0.055,-0.15,NSE,2026-05-04,MAHINDRA_AUTO_V1,MANUAL,CLEAN,0.93,sample_MAHINDRA_AUTO_CV_2026-04,2026-05-23T07:00:39.369370Z,2026-05-23T07:00:39.369370Z,
MAHINDRA_AUTO,EV,2024-05,1081,0,1081,,,NSE,2024-06-05,MAHINDRA_AUTO_V1,MANUAL,CLEAN,0.95,sample_MAHINDRA_AUTO_EV_2024-05,2026-05-23T07:00:39.121583Z,2026-05-23T07:00:39.121583Z,
MAHINDRA_AUTO,EV,2024-06,1034,0,1034,,-0.0435,NSE,2024-07-04,MAHINDRA_AUTO_V1,MANUAL,CLEAN,0.87,sample_MAHINDRA_AUTO_EV_2024-06,2026-05-23T07:00:39.130102Z,2026-05-23T07:00:39.130102Z,
MAHINDRA_AUTO,EV,2024-07,1101,0,1101,,0.0648,NSE,2024-08-06,MAHINDRA_AUTO_V1,MANUAL,CLEAN,0.97,sample_MAHINDRA_AUTO_EV_2024-07,2026-05-23T07:00:39.142050Z,2026-05-23T07:00:39.142050Z,
MAHINDRA_AUTO,EV,2024-08,1115,0,1115,,0.0127,NSE,2024-09-04,MAHINDRA_AUTO_V1,MANUAL,CLEAN,0.87,sample_MAHINDRA_AUTO_EV_2024-08,2026-05-23T07:00:39.177657Z,2026-05-23T07:00:39.177657Z,
MAHINDRA_AUTO,EV,2024-09,1330,0,1330,,0.1928,NSE,2024-10-06,MAHINDRA_AUTO_V1,MANUAL,CLEAN,0.9,sample_MAHINDRA_AUTO_EV_2024-09,2026-05-23T07:00:39.193987Z,2026-05-23T07:00:39.193987Z,
MAHINDRA_AUTO,EV,2024-10,1460,0,1460,,0.0977,NSE,2024-11-06,MAHINDRA_AUTO_V1,MANUAL,CLEAN,0.95,sample_MAHINDRA_AUTO_EV_2024-10,2026-05-23T07:00:39.211380Z,2026-05-23T07:00:39.211380Z,
MAHINDRA_AUTO,EV,2024-11,1228,0,1228,,-0.1589,NSE,2024-12-06,MAHINDRA_AUTO_V1,MANUAL,CLEAN,0.91,sample_MAHINDRA_AUTO_EV_2024-11,2026-05-23T07:00:39.223971Z,2026-05-23T07:00:39.223971Z,
MAHINDRA_AUTO,EV,2024-12,1252,0,1252,,0.0195,NSE,2025-01-04,MAHINDRA_AUTO_V1,MANUAL,CLEAN,0.86,sample_MAHINDRA_AUTO_EV_2024-12,2026-05-23T07:00:39.231543Z,2026-05-23T07:00:39.231543Z,
MAHINDRA_AUTO,EV,2025-01,1175,0,1175,,-0.0615,NSE,2025-02-04,MAHINDRA_AUTO_V1,MANUAL,CLEAN,0.98,sample_MAHINDRA_AUTO_EV_2025-01,2026-05-23T07:00:39.239688Z,2026-05-23T07:00:39.239688Z,
MAHINDRA_AUTO,EV,2025-02,1233,0,1233,,0.0494,NSE,2025-03-04,MAHINDRA_AUTO_V1,MANUAL,CLEAN,0.91,sample_MAHINDRA_AUTO_EV_2025-02,2026-05-23T07:00:39.253410Z,2026-05-23T07:00:39.253410Z,
MAHINDRA_AUTO,EV,2025-03,1407,0,1407,,0.1411,NSE,2025-04-05,MAHINDRA_AUTO_V1,MANUAL,CLEAN,0.95,sample_MAHINDRA_AUTO_EV_2025-03,2026-05-23T07:00:39.257906Z,2026-05-23T07:00:39.257906Z,
MAHINDRA_AUTO,EV,2025-04,1299,0,1299,,-0.0768,NSE,2025-05-04,MAHINDRA_AUTO_V1,MANUAL,CLEAN,0.9,sample_MAHINDRA_AUTO_EV_2025-04,2026-05-23T07:00:39.277589Z,2026-05-23T07:00:39.277589Z,
MAHINDRA_AUTO,EV,2025-05,1322,0,1322,0.2229,0.0177,NSE,2025-06-04,MAHINDRA_AUTO_V1,MANUAL,CLEAN,0.92,sample_MAHINDRA_AUTO_EV_2025-05,2026-05-23T07:00:39.293732Z,2026-05-23T07:00:39.293732Z,
MAHINDRA_AUTO,EV,2025-06,1361,0,1361,0.3162,0.0295,NSE,2025-07-05,MAHINDRA_AUTO_V1,MANUAL,CLEAN,0.91,sample_MAHINDRA_AUTO_EV_2025-06,2026-05-23T07:00:39.306582Z,2026-05-23T07:00:39.306582Z,
MAHINDRA_AUTO,EV,2025-07,1283,0,1283,0.1653,-0.0573,NSE,2025-08-04,MAHINDRA_AUTO_V1,MANUAL,CLEAN,0.91,sample_MAHINDRA_AUTO_EV_2025-07,2026-05-23T07:00:39.314864Z,2026-05-23T07:00:39.314864Z,
MAHINDRA_AUTO,EV,2025-08,1374,0,1374,0.2323,0.0709,NSE,2025-09-05,MAHINDRA_AUTO_V1,MANUAL,CLEAN,0.98,sample_MAHINDRA_AUTO_EV_2025-08,2026-05-23T07:00:39.321880Z,2026-05-23T07:00:39.321880Z,
MAHINDRA_AUTO,EV,2025-09,1545,0,1545,0.1617,0.1245,NSE,2025-10-05,MAHINDRA_AUTO_V1,MANUAL,CLEAN,0.94,sample_MAHINDRA_AUTO_EV_2025-09,2026-05-23T07:00:39.330378Z,2026-05-23T07:00:39.330378Z,
MAHINDRA_AUTO,EV,2025-10,1777,0,1777,0.2171,0.1502,NSE,2025-11-05,MAHINDRA_AUTO_V1,MANUAL,CLEAN,0.98,sample_MAHINDRA_AUTO_EV_2025-10,2026-05-23T07:00:39.333781Z,2026-05-23T07:00:39.333781Z,
MAHINDRA_AUTO,EV,2025-11,1420,0,1420,0.1564,-0.2009,NSE,2025-12-04,MAHINDRA_AUTO_V1,MANUAL,CLEAN,0.98,sample_MAHINDRA_AUTO_EV_2025-11,2026-05-23T07:00:39.338319Z,2026-05-23T07:00:39.338319Z,
MAHINDRA_AUTO,EV,2025-12,1479,0,1479,0.1813,0.0415,NSE,2026-01-04,MAHINDRA_AUTO_V1,MANUAL,CLEAN,0.89,sample_MAHINDRA_AUTO_EV_2025-12,2026-05-23T07:00:39.342910Z,2026-05-23T07:00:39.342910Z,
MAHINDRA_AUTO,EV,2026-01,1412,0,1412,0.2017,-0.0453,NSE,2026-02-06,MAHINDRA_AUTO_V1,MANUAL,CLEAN,0.97,sample_MAHINDRA_AUTO_EV_2026-01,2026-05-23T07:00:39.347343Z,2026-05-23T07:00:39.347343Z,
MAHINDRA_AUTO,EV,2026-01,1357,0,1357,0.1006,-0.039,NSE,2026-02-06,MAHINDRA_AUTO_V1,MANUAL,CLEAN,0.87,sample_MAHINDRA_AUTO_EV_2026-01,2026-05-23T07:00:39.354296Z,2026-05-23T07:00:39.354296Z,
MAHINDRA_AUTO,EV,2026-03,1725,0,1725,0.226,0.2712,NSE,2026-04-05,MAHINDRA_AUTO_V1,MANUAL,CLEAN,0.88,sample_MAHINDRA_AUTO_EV_2026-03,2026-05-23T07:00:39.363247Z,2026-05-23T07:00:39.363247Z,
MAHINDRA_AUTO,EV,2026-04,1635,0,1635,0.2587,-0.0522,BSE,2026-05-05,MAHINDRA_AUTO_V1,MANUAL,CLEAN,0.93,sample_MAHINDRA_AUTO_EV_2026-04,2026-05-23T07:00:39.369370Z,2026-05-23T07:00:39.369370Z,
MAHINDRA_AUTO,PV,2024-05,40821,2194,43015,,,NSE,2024-06-04,MAHINDRA_AUTO_V1,MANUAL,CLEAN,0.9,sample_MAHINDRA_AUTO_PV_2024-05,2026-05-23T07:00:39.120585Z,2026-05-23T07:00:39.120585Z,
MAHINDRA_AUTO,PV,2024-06,35745,2439,38184,,-0.1123,NSE,2024-07-06,MAHINDRA_AUTO_V1,MANUAL,CLEAN,0.93,sample_MAHINDRA_AUTO_PV_2024-06,2026-05-23T07:00:39.128989Z,2026-05-23T07:00:39.128989Z,
MAHINDRA_AUTO,PV,2024-07,35497,2116,37613,,-0.015,NSE,2024-08-04,MAHINDRA_AUTO_V1,MANUAL,CLEAN,0.91,sample_MAHINDRA_AUTO_PV_2024-07,2026-05-23T07:00:39.137487Z,2026-05-23T07:00:39.137487Z,
MAHINDRA_AUTO,PV,2024-08,38506,2593,41099,,0.0927,NSE,2024-09-04,MAHINDRA_AUTO_V1,MANUAL,CLEAN,0.99,sample_MAHINDRA_AUTO_PV_2024-08,2026-05-23T07:00:39.174908Z,2026-05-23T07:00:39.174908Z,
MAHINDRA_AUTO,PV,2024-09,42275,2755,45030,,0.0956,NSE,2024-10-04,MAHINDRA_AUTO_V1,MANUAL,CLEAN,0.86,sample_MAHINDRA_AUTO_PV_2024-09,2026-05-23T07:00:39.193987Z,2026-05-23T07:00:39.193987Z,
MAHINDRA_AUTO,PV,2024-10,49432,3244,52676,,0.1698,NSE,2024-11-04,MAHINDRA_AUTO_V1,MANUAL,CLEAN,0.88,sample_MAHINDRA_AUTO_PV_2024-10,2026-05-23T07:00:39.210391Z,2026-05-23T07:00:39.210391Z,
MAHINDRA_AUTO,PV,2024-11,40188,2286,42474,,-0.1937,NSE,2024-12-04,MAHINDRA_AUTO_V1,MANUAL,CLEAN,0.92,sample_MAHINDRA_AUTO_PV_2024-11,2026-05-23T07:00:39.222752Z,2026-05-23T07:00:39.222752Z,
MAHINDRA_AUTO,PV,2024-12,42620,2558,45178,,0.0637,NSE,2025-01-06,MAHINDRA_AUTO_V1,MANUAL,CLEAN,0.94,sample_MAHINDRA_AUTO_PV_2024-12,2026-05-23T07:00:39.230538Z,2026-05-23T07:00:39.230538Z,
MAHINDRA_AUTO,PV,2025-01,36552,2217,38769,,-0.1419,NSE,2025-02-05,MAHINDRA_AUTO_V1,MANUAL,CLEAN,0.86,sample_MAHINDRA_AUTO_PV_2025-01,2026-05-23T07:00:39.238699Z,2026-05-23T07:00:39.238699Z,
MAHINDRA_AUTO,PV,2025-02,40669,2671,43340,,0.1179,NSE,2025-03-06,MAHINDRA_AUTO_V1,MANUAL,CLEAN,0.96,sample_MAHINDRA_AUTO_PV_2025-02,2026-05-23T07:00:39.252416Z,2026-05-23T07:00:39.252416Z,
MAHINDRA_AUTO,PV,2025-03,46182,2842,49024,,0.1311,NSE,2025-04-05,MAHINDRA_AUTO_V1,MANUAL,CLEAN,0.96,sample_MAHINDRA_AUTO_PV_2025-03,2026-05-23T07:00:39.257906Z,2026-05-23T07:00:39.257906Z,
MAHINDRA_AUTO,PV,2025-04,38990,2344,41334,,-0.1569,BSE,2025-05-05,MAHINDRA_AUTO_V1,MANUAL,CLEAN,0.89,sample_MAHINDRA_AUTO_PV_2025-04,2026-05-23T07:00:39.277589Z,2026-05-23T07:00:39.277589Z,
MAHINDRA_AUTO,PV,2025-05,39343,2620,41963,-0.0245,0.0152,NSE,2025-06-06,MAHINDRA_AUTO_V1,MANUAL,CLEAN,0.94,sample_MAHINDRA_AUTO_PV_2025-05,2026-05-23T07:00:39.291772Z,2026-05-23T07:00:39.293732Z,
MAHINDRA_AUTO,PV,2025-06,37789,2356,40145,0.0514,-0.0433,NSE,2025-07-05,MAHINDRA_AUTO_V1,MANUAL,CLEAN,0.98,sample_MAHINDRA_AUTO_PV_2025-06,2026-05-23T07:00:39.306582Z,2026-05-23T07:00:39.306582Z,
MAHINDRA_AUTO,PV,2025-07,38242,2411,40653,0.0808,0.0127,NSE,2025-08-04,MAHINDRA_AUTO_V1,MANUAL,CLEAN,0.94,sample_MAHINDRA_AUTO_PV_2025-07,2026-05-23T07:00:39.313425Z,2026-05-23T07:00:39.313425Z,
MAHINDRA_AUTO,PV,2025-08,37591,2341,39932,-0.0284,-0.0177,NSE,2025-09-06,MAHINDRA_AUTO_V1,MANUAL,CLEAN,0.97,sample_MAHINDRA_AUTO_PV_2025-08,2026-05-23T07:00:39.318989Z,2026-05-23T07:00:39.318989Z,
MAHINDRA_AUTO,PV,2025-09,43652,2402,46054,0.0227,0.1533,NSE,2025-10-06,MAHINDRA_AUTO_V1,MANUAL,CLEAN,0.89,sample_MAHINDRA_AUTO_PV_2025-09,2026-05-23T07:00:39.330378Z,2026-05-23T07:00:39.330378Z,
MAHINDRA_AUTO,PV,2025-10,54286,3607,57893,0.099,0.2571,BSE,2025-11-06,MAHINDRA_AUTO_V1,MANUAL,CLEAN,0.95,sample_MAHINDRA_AUTO_PV_2025-10,2026-05-23T07:00:39.333781Z,2026-05-23T07:00:39.333781Z,
MAHINDRA_AUTO,PV,2025-11,42421,2746,45167,0.0634,-0.2198,NSE,2025-12-04,MAHINDRA_AUTO_V1,MANUAL,CLEAN,0.93,sample_MAHINDRA_AUTO_PV_2025-11,2026-05-23T07:00:39.337618Z,2026-05-23T07:00:39.337618Z,
MAHINDRA_AUTO,PV,2025-12,43701,2394,46095,0.0203,0.0205,NSE,2026-01-04,MAHINDRA_AUTO_V1,MANUAL,CLEAN,0.91,sample_MAHINDRA_AUTO_PV_2025-12,2026-05-23T07:00:39.342004Z,2026-05-23T07:00:39.342004Z,
MAHINDRA_AUTO,PV,2026-01,39930,2215,42145,0.0871,-0.0857,NSE,2026-02-05,MAHINDRA_AUTO_V1,MANUAL,CLEAN,0.86,sample_MAHINDRA_AUTO_PV_2026-01,2026-05-23T07:00:39.347343Z,2026-05-23T07:00:39.347343Z,
MAHINDRA_AUTO,PV,2026-01,41130,2427,43557,0.005,0.0335,NSE,2026-02-05,MAHINDRA_AUTO_V1,MANUAL,CLEAN,0.93,sample_MAHINDRA_AUTO_PV_2026-01,2026-05-23T07:00:39.354296Z,2026-05-23T07:00:39.354296Z,
MAHINDRA_AUTO,PV,2026-03,54017,3276,57293,0.1687,0.3154,NSE,2026-04-05,MAHINDRA_AUTO_V1,MANUAL,CLEAN,0.87,sample_MAHINDRA_AUTO_PV_2026-03,2026-05-23T07:00:39.362320Z,2026-05-23T07:00:39.362320Z,
MAHINDRA_AUTO,PV,2026-04,44705,2914,47619,0.1521,-0.1689,BSE,2026-05-04,MAHINDRA_AUTO_V1,MANUAL,CLEAN,0.98,sample_MAHINDRA_AUTO_PV_2026-04,2026-05-23T07:00:39.369370Z,2026-05-23T07:00:39.369370Z,
MAHINDRA_FARM,Tractor,2024-05,31636,1761,33397,,,NSE,2024-06-05,MAHINDRA_FARM_V1,MANUAL,CLEAN,0.89,sample_MAHINDRA_FARM_Tractor_2024-05,2026-05-23T07:00:39.121583Z,2026-05-23T07:00:39.121583Z,
MAHINDRA_FARM,Tractor,2024-06,32605,1717,34322,,0.0277,NSE,2024-07-06,MAHINDRA_FARM_V1,MANUAL,CLEAN,0.92,sample_MAHINDRA_FARM_Tractor_2024-06,2026-05-23T07:00:39.130102Z,2026-05-23T07:00:39.130102Z,
MAHINDRA_FARM,Tractor,2024-07,32324,1496,33820,,-0.0146,NSE,2024-08-05,MAHINDRA_FARM_V1,MANUAL,CLEAN,0.88,sample_MAHINDRA_FARM_Tractor_2024-07,2026-05-23T07:00:39.146036Z,2026-05-23T07:00:39.157615Z,
MAHINDRA_FARM,Tractor,2024-08,30086,1577,31663,,-0.0638,BSE,2024-09-06,MAHINDRA_FARM_V1,MANUAL,CLEAN,0.96,sample_MAHINDRA_FARM_Tractor_2024-08,2026-05-23T07:00:39.177657Z,2026-05-23T07:00:39.177657Z,
MAHINDRA_FARM,Tractor,2024-09,35131,1953,37084,,0.1712,NSE,2024-10-05,MAHINDRA_FARM_V1,MANUAL,FLAGGED,0.77,sample_MAHINDRA_FARM_Tractor_2024-09,2026-05-23T07:00:39.195963Z,2026-05-23T07:00:39.196959Z,Anomalous swing flagged by validator
MAHINDRA_FARM,Tractor,2024-10,31837,1553,33390,,-0.0996,NSE,2024-11-04,MAHINDRA_FARM_V1,MANUAL,CLEAN,0.85,sample_MAHINDRA_FARM_Tractor_2024-10,2026-05-23T07:00:39.212820Z,2026-05-23T07:00:39.212820Z,
MAHINDRA_FARM,Tractor,2024-11,26467,1173,27640,,-0.1722,NSE,2024-12-06,MAHINDRA_FARM_V1,MANUAL,CLEAN,0.97,sample_MAHINDRA_FARM_Tractor_2024-11,2026-05-23T07:00:39.223971Z,2026-05-23T07:00:39.223971Z,
MAHINDRA_FARM,Tractor,2024-12,25977,1219,27196,,-0.0161,NSE,2025-01-05,MAHINDRA_FARM_V1,MANUAL,CLEAN,0.94,sample_MAHINDRA_FARM_Tractor_2024-12,2026-05-23T07:00:39.231543Z,2026-05-23T07:00:39.231543Z,
MAHINDRA_FARM,Tractor,2025-01,25199,1183,26382,,-0.0299,NSE,2025-02-06,MAHINDRA_FARM_V1,MANUAL,CLEAN,0.93,sample_MAHINDRA_FARM_Tractor_2025-01,2026-05-23T07:00:39.240690Z,2026-05-23T07:00:39.240690Z,
MAHINDRA_FARM,Tractor,2025-02,26075,1180,27255,,0.0331,NSE,2025-03-04,MAHINDRA_FARM_V1,MANUAL,CLEAN,0.95,sample_MAHINDRA_FARM_Tractor_2025-02,2026-05-23T07:00:39.253410Z,2026-05-23T07:00:39.253410Z,
MAHINDRA_FARM,Tractor,2025-03,38730,2081,40811,,0.4974,BSE,2025-04-05,MAHINDRA_FARM_V1,MANUAL,CLEAN,0.96,sample_MAHINDRA_FARM_Tractor_2025-03,2026-05-23T07:00:39.257906Z,2026-05-23T07:00:39.257906Z,
MAHINDRA_FARM,Tractor,2025-04,33962,1779,35741,,-0.1242,BSE,2025-05-04,MAHINDRA_FARM_V1,MANUAL,CLEAN,0.94,sample_MAHINDRA_FARM_Tractor_2025-04,2026-05-23T07:00:39.277589Z,2026-05-23T07:00:39.277589Z,
MAHINDRA_FARM,Tractor,2025-05,31776,1736,33512,0.0034,-0.0624,NSE,2025-06-04,MAHINDRA_FARM_V1,MANUAL,CLEAN,0.9,sample_MAHINDRA_FARM_Tractor_2025-05,2026-05-23T07:00:39.293732Z,2026-05-23T07:00:39.293732Z,
MAHINDRA_FARM,Tractor,2025-06,35013,1839,36852,0.0737,0.0997,NSE,2025-07-05,MAHINDRA_FARM_V1,MANUAL,CLEAN,0.86,sample_MAHINDRA_FARM_Tractor_2025-06,2026-05-23T07:00:39.307586Z,2026-05-23T07:00:39.307586Z,
MAHINDRA_FARM,Tractor,2025-07,33792,1743,35535,0.0507,-0.0357,NSE,2025-08-04,MAHINDRA_FARM_V1,MANUAL,CLEAN,0.92,sample_MAHINDRA_FARM_Tractor_2025-07,2026-05-23T07:00:39.314864Z,2026-05-23T07:00:39.314864Z,
MAHINDRA_FARM,Tractor,2025-08,31172,1426,32598,0.0295,-0.0827,NSE,2025-09-04,MAHINDRA_FARM_V1,MANUAL,CLEAN,0.88,sample_MAHINDRA_FARM_Tractor_2025-08,2026-05-23T07:00:39.321880Z,2026-05-23T07:00:39.321880Z,
MAHINDRA_FARM,Tractor,2025-09,36333,1654,37987,0.0244,0.1653,BSE,2025-10-06,MAHINDRA_FARM_V1,MANUAL,CLEAN,0.89,sample_MAHINDRA_FARM_Tractor_2025-09,2026-05-23T07:00:39.330378Z,2026-05-23T07:00:39.330378Z,
MAHINDRA_FARM,Tractor,2025-10,35476,1937,37413,0.1205,-0.0151,NSE,2025-11-04,MAHINDRA_FARM_V1,MANUAL,CLEAN,0.91,sample_MAHINDRA_FARM_Tractor_2025-10,2026-05-23T07:00:39.335111Z,2026-05-23T07:00:39.335111Z,
MAHINDRA_FARM,Tractor,2025-11,26250,1218,27468,-0.0062,-0.2658,NSE,2025-12-04,MAHINDRA_FARM_V1,MANUAL,CLEAN,0.89,sample_MAHINDRA_FARM_Tractor_2025-11,2026-05-23T07:00:39.338319Z,2026-05-23T07:00:39.338319Z,
MAHINDRA_FARM,Tractor,2025-12,26110,1461,27571,0.0138,0.0037,NSE,2026-01-05,MAHINDRA_FARM_V1,MANUAL,CLEAN,0.99,sample_MAHINDRA_FARM_Tractor_2025-12,2026-05-23T07:00:39.342910Z,2026-05-23T07:00:39.342910Z,
MAHINDRA_FARM,Tractor,2026-01,26640,1475,28115,0.0657,0.0197,NSE,2026-02-06,MAHINDRA_FARM_V1,MANUAL,CLEAN,0.88,sample_MAHINDRA_FARM_Tractor_2026-01,2026-05-23T07:00:39.348438Z,2026-05-23T07:00:39.348438Z,
MAHINDRA_FARM,Tractor,2026-01,26813,1299,28112,0.0314,-0.0001,NSE,2026-02-05,MAHINDRA_FARM_V1,MANUAL,CLEAN,0.9,sample_MAHINDRA_FARM_Tractor_2026-01,2026-05-23T07:00:39.356303Z,2026-05-23T07:00:39.356303Z,
MAHINDRA_FARM,Tractor,2026-03,38744,1964,40708,-0.0025,0.4481,BSE,2026-04-04,MAHINDRA_FARM_V1,MANUAL,CLEAN,0.99,sample_MAHINDRA_FARM_Tractor_2026-03,2026-05-23T07:00:39.363847Z,2026-05-23T07:00:39.363847Z,
MAHINDRA_FARM,Tractor,2026-04,36768,2031,38799,0.0856,-0.0469,NSE,2026-05-06,MAHINDRA_FARM_V1,MANUAL,CLEAN,0.88,sample_MAHINDRA_FARM_Tractor_2026-04,2026-05-23T07:00:39.369370Z,2026-05-23T07:00:39.369370Z,
MARUTI,PV,2024-05,141528,20755,162283,,,NSE,2024-06-02,MARUTI_V1,MANUAL,CLEAN,0.87,sample_MARUTI_PV_2024-05,2026-05-23T07:00:39.119514Z,2026-05-23T07:00:39.119514Z,
MARUTI,PV,2024-06,127604,19928,147532,,-0.0909,NSE,2024-07-01,MARUTI_V1,MANUAL,CLEAN,0.93,sample_MARUTI_PV_2024-06,2026-05-23T07:00:39.127967Z,2026-05-23T07:00:39.127967Z,
MARUTI,PV,2024-07,119357,17484,136841,,-0.0725,NSE,2024-08-03,MARUTI_V1,MANUAL,CLEAN,0.88,sample_MARUTI_PV_2024-07,2026-05-23T07:00:39.135862Z,2026-05-23T07:00:39.135862Z,
MARUTI,PV,2024-08,122799,22090,144889,,0.0588,NSE,2024-09-02,MARUTI_V1,MANUAL,CLEAN,0.97,sample_MARUTI_PV_2024-08,2026-05-23T07:00:39.170702Z,2026-05-23T07:00:39.170702Z,
MARUTI,PV,2024-09,149192,22339,171531,,0.1839,NSE,2024-10-03,MARUTI_V1,MANUAL,CLEAN,0.91,sample_MARUTI_PV_2024-09,2026-05-23T07:00:39.191977Z,2026-05-23T07:00:39.191977Z,
MARUTI,PV,2024-10,180822,28499,209321,,0.2203,NSE,2024-11-03,MARUTI_V1,MANUAL,CLEAN,0.89,sample_MARUTI_PV_2024-10,2026-05-23T07:00:39.207368Z,2026-05-23T07:00:39.207368Z,
MARUTI,PV,2024-11,138832,23214,162046,,-0.2258,NSE,2024-12-02,MARUTI_V1,MANUAL,CLEAN,0.97,sample_MARUTI_PV_2024-11,2026-05-23T07:00:39.220637Z,2026-05-23T07:00:39.220637Z,
MARUTI,PV,2024-12,149319,22353,171672,,0.0594,NSE,2025-01-02,MARUTI_V1,MANUAL,CLEAN,0.93,sample_MARUTI_PV_2024-12,2026-05-23T07:00:39.230538Z,2026-05-23T07:00:39.230538Z,
MARUTI,PV,2025-01,134130,23587,157717,,-0.0813,NSE,2025-02-03,MARUTI_V1,MANUAL,CLEAN,0.86,sample_MARUTI_PV_2025-01,2026-05-23T07:00:39.237669Z,2026-05-23T07:00:39.237669Z,
MARUTI,PV,2025-02,146448,23885,170333,,0.08,NSE,2025-03-02,MARUTI_V1,MANUAL,CLEAN,0.95,sample_MARUTI_PV_2025-02,2026-05-23T07:00:39.245766Z,2026-05-23T07:00:39.245766Z,
MARUTI,PV,2025-03,180346,28014,208360,,0.2233,NSE,2025-04-03,MARUTI_V1,MANUAL,CLEAN,0.88,sample_MARUTI_PV_2025-03,2026-05-23T07:00:39.255404Z,2026-05-23T07:00:39.255404Z,
MARUTI,PV,2025-04,137680,22958,160638,,-0.229,NSE,2025-05-03,MARUTI_V1,MANUAL,CLEAN,0.88,sample_MARUTI_PV_2025-04,2026-05-23T07:00:39.270047Z,2026-05-23T07:00:39.270047Z,
MARUTI,PV,2025-05,155811,28018,183829,0.1328,0.1444,NSE,2025-06-03,MARUTI_V1,MANUAL,CLEAN,0.91,sample_MARUTI_PV_2025-05,2026-05-23T07:00:39.289763Z,2026-05-23T07:00:39.289763Z,
MARUTI,PV,2025-06,142425,20761,163186,0.1061,-0.1123,BSE,2025-07-01,MARUTI_V1,MANUAL,CLEAN,0.93,sample_MARUTI_PV_2025-06,2026-05-23T07:00:39.300620Z,2026-05-23T07:00:39.300620Z,
MARUTI,PV,2025-07,137436,24757,162193,0.1853,-0.0061,NSE,2025-08-03,MARUTI_V1,MANUAL,CLEAN,0.89,sample_MARUTI_PV_2025-07,2026-05-23T07:00:39.312418Z,2026-05-23T07:00:39.312418Z,
MARUTI,PV,2025-08,143124,21087,164211,0.1334,0.0124,NSE,2025-09-01,MARUTI_V1,MANUAL,CLEAN,0.86,sample_MARUTI_PV_2025-08,2026-05-23T07:00:39.318989Z,2026-05-23T07:00:39.318989Z,
MARUTI,PV,2025-09,171809,28099,199908,0.1654,0.2174,BSE,2025-10-02,MARUTI_V1,MANUAL,NEEDS_REVIEW,0.33,sample_MARUTI_PV_2025-09,2026-05-23T07:00:39.326962Z,2026-05-23T07:00:39.326962Z,Parser confidence below threshold
MARUTI,PV,2025-10,187632,31309,218941,0.046,0.0952,BSE,2025-11-02,MARUTI_V1,MANUAL,CLEAN,0.96,sample_MARUTI_PV_2025-10,2026-05-23T07:00:39.331774Z,2026-05-23T07:00:39.333781Z,
MARUTI,PV,2025-11,151565,25228,176793,0.091,-0.1925,NSE,2025-12-02,MARUTI_V1,MANUAL,CLEAN,0.92,sample_MARUTI_PV_2025-11,2026-05-23T07:00:39.335111Z,2026-05-23T07:00:39.335111Z,
MARUTI,PV,2025-12,147664,25247,172911,0.0072,-0.022,NSE,2026-01-02,MARUTI_V1,MANUAL,CLEAN,0.95,sample_MARUTI_PV_2025-12,2026-05-23T07:00:39.340952Z,2026-05-23T07:00:39.340952Z,
MARUTI,PV,2026-01,140652,21203,161855,0.0262,-0.0639,NSE,2026-02-03,MARUTI_V1,MANUAL,CLEAN,0.88,sample_MARUTI_PV_2026-01,2026-05-23T07:00:39.345837Z,2026-05-23T07:00:39.345837Z,
MARUTI,PV,2026-01,140977,22261,163238,-0.0417,0.0085,NSE,2026-02-01,MARUTI_V1,MANUAL,CLEAN,0.91,sample_MARUTI_PV_2026-01,2026-05-23T07:00:39.354296Z,2026-05-23T07:00:39.354296Z,
MARUTI,PV,2026-03,177672,31678,209350,0.0048,0.2825,NSE,2026-04-01,MARUTI_V1,MANUAL,CLEAN,0.98,sample_MARUTI_PV_2026-03,2026-05-23T07:00:39.361151Z,2026-05-23T07:00:39.361151Z,
MARUTI,PV,2026-04,154762,27956,182718,0.1375,-0.1272,NSE,2026-05-02,MARUTI_V1,MANUAL,CLEAN,0.88,sample_MARUTI_PV_2026-04,2026-05-23T07:00:39.365857Z,2026-05-23T07:00:39.365857Z,
OLA_ELECTRIC,EV,2024-05,30784,0,30784,,,NSE,2024-06-06,OLA_ELECTRIC_V1,MANUAL,CLEAN,0.98,sample_OLA_ELECTRIC_EV_2024-05,2026-05-23T07:00:39.126765Z,2026-05-23T07:00:39.126765Z,
OLA_ELECTRIC,EV,2024-06,29610,0,29610,,-0.0381,NSE,2024-07-07,OLA_ELECTRIC_V1,MANUAL,CLEAN,0.88,sample_OLA_ELECTRIC_EV_2024-06,2026-05-23T07:00:39.134768Z,2026-05-23T07:00:39.134768Z,
OLA_ELECTRIC,EV,2024-07,28312,0,28312,,-0.0438,NSE,2024-08-05,OLA_ELECTRIC_V1,MANUAL,CLEAN,0.86,sample_OLA_ELECTRIC_EV_2024-07,2026-05-23T07:00:39.170198Z,2026-05-23T07:00:39.170198Z,
OLA_ELECTRIC,EV,2024-08,29602,0,29602,,0.0456,NSE,2024-09-05,OLA_ELECTRIC_V1,MANUAL,CLEAN,0.88,sample_OLA_ELECTRIC_EV_2024-08,2026-05-23T07:00:39.191977Z,2026-05-23T07:00:39.191977Z,
OLA_ELECTRIC,EV,2024-09,33448,0,33448,,0.1299,NSE,2024-10-06,OLA_ELECTRIC_V1,MANUAL,CLEAN,0.98,sample_OLA_ELECTRIC_EV_2024-09,2026-05-23T07:00:39.206861Z,2026-05-23T07:00:39.206861Z,
OLA_ELECTRIC,EV,2024-10,36969,0,36969,,0.1053,NSE,2024-11-05,OLA_ELECTRIC_V1,MANUAL,CLEAN,0.86,sample_OLA_ELECTRIC_EV_2024-10,2026-05-23T07:00:39.219639Z,2026-05-23T07:00:39.219639Z,
OLA_ELECTRIC,EV,2024-11,31432,0,31432,,-0.1498,NSE,2024-12-05,OLA_ELECTRIC_V1,MANUAL,CLEAN,0.95,sample_OLA_ELECTRIC_EV_2024-11,2026-05-23T07:00:39.229534Z,2026-05-23T07:00:39.229534Z,
OLA_ELECTRIC,EV,2024-12,34842,0,34842,,0.1085,NSE,2025-01-05,OLA_ELECTRIC_V1,MANUAL,CLEAN,0.89,sample_OLA_ELECTRIC_EV_2024-12,2026-05-23T07:00:39.236161Z,2026-05-23T07:00:39.236161Z,
OLA_ELECTRIC,EV,2025-01,29950,0,29950,,-0.1404,NSE,2025-02-06,OLA_ELECTRIC_V1,MANUAL,CLEAN,0.97,sample_OLA_ELECTRIC_EV_2025-01,2026-05-23T07:00:39.242133Z,2026-05-23T07:00:39.242133Z,
OLA_ELECTRIC,EV,2025-02,34836,0,34836,,0.1631,NSE,2025-03-07,OLA_ELECTRIC_V1,MANUAL,CLEAN,0.97,sample_OLA_ELECTRIC_EV_2025-02,2026-05-23T07:00:39.255404Z,2026-05-23T07:00:39.255404Z,
OLA_ELECTRIC,EV,2025-03,40825,0,40825,,0.1719,NSE,2025-04-05,OLA_ELECTRIC_V1,MANUAL,CLEAN,0.9,sample_OLA_ELECTRIC_EV_2025-03,2026-05-23T07:00:39.270047Z,2026-05-23T07:00:39.270047Z,
OLA_ELECTRIC,EV,2025-04,37537,0,37537,,-0.0805,BSE,2025-05-06,OLA_ELECTRIC_V1,MANUAL,CLEAN,0.87,sample_OLA_ELECTRIC_EV_2025-04,2026-05-23T07:00:39.289763Z,2026-05-23T07:00:39.289763Z,
OLA_ELECTRIC,EV,2025-05,36858,0,36858,0.1973,-0.0181,NSE,2025-06-05,OLA_ELECTRIC_V1,MANUAL,CLEAN,0.87,sample_OLA_ELECTRIC_EV_2025-05,2026-05-23T07:00:39.300620Z,2026-05-23T07:00:39.300620Z,
OLA_ELECTRIC,EV,2025-06,35429,0,35429,0.1965,-0.0388,NSE,2025-07-06,OLA_ELECTRIC_V1,MANUAL,CLEAN,0.94,sample_OLA_ELECTRIC_EV_2025-06,2026-05-23T07:00:39.311891Z,2026-05-23T07:00:39.311891Z,
OLA_ELECTRIC,EV,2025-07,36554,0,36554,0.2911,0.0318,NSE,2025-08-07,OLA_ELECTRIC_V1,MANUAL,CLEAN,0.86,sample_OLA_ELECTRIC_EV_2025-07,2026-05-23T07:00:39.317707Z,2026-05-23T07:00:39.317707Z,
OLA_ELECTRIC,EV,2025-08,38726,0,38726,0.3082,0.0594,NSE,2025-09-06,OLA_ELECTRIC_V1,MANUAL,CLEAN,0.92,sample_OLA_ELECTRIC_EV_2025-08,2026-05-23T07:00:39.326962Z,2026-05-23T07:00:39.326962Z,
OLA_ELECTRIC,EV,2025-09,42830,0,42830,0.2805,0.106,NSE,2025-10-07,OLA_ELECTRIC_V1,MANUAL,CLEAN,0.95,sample_OLA_ELECTRIC_EV_2025-09,2026-05-23T07:00:39.331774Z,2026-05-23T07:00:39.331774Z,
OLA_ELECTRIC,EV,2025-10,45839,0,45839,0.2399,0.0703,NSE,2025-11-05,OLA_ELECTRIC_V1,MANUAL,CLEAN,0.88,sample_OLA_ELECTRIC_EV_2025-10,2026-05-23T07:00:39.335111Z,2026-05-23T07:00:39.335111Z,
OLA_ELECTRIC,EV,2025-11,38656,0,38656,0.2298,-0.1567,BSE,2025-12-07,OLA_ELECTRIC_V1,MANUAL,CLEAN,0.98,sample_OLA_ELECTRIC_EV_2025-11,2026-05-23T07:00:39.340952Z,2026-05-23T07:00:39.340952Z,
OLA_ELECTRIC,EV,2025-12,38200,0,38200,0.0964,-0.0118,NSE,2026-01-07,OLA_ELECTRIC_V1,MANUAL,CLEAN,0.92,sample_OLA_ELECTRIC_EV_2025-12,2026-05-23T07:00:39.345837Z,2026-05-23T07:00:39.345837Z,
OLA_ELECTRIC,EV,2026-01,38532,0,38532,0.2865,0.0087,NSE,2026-02-05,OLA_ELECTRIC_V1,MANUAL,CLEAN,0.92,sample_OLA_ELECTRIC_EV_2026-01,2026-05-23T07:00:39.353407Z,2026-05-23T07:00:39.353407Z,
OLA_ELECTRIC,EV,2026-01,38413,0,38413,0.1027,-0.0031,NSE,2026-02-07,OLA_ELECTRIC_V1,MANUAL,CLEAN,0.96,sample_OLA_ELECTRIC_EV_2026-01,2026-05-23T07:00:39.361151Z,2026-05-23T07:00:39.361151Z,
OLA_ELECTRIC,EV,2026-03,47069,0,47069,0.1529,0.2253,BSE,2026-04-07,OLA_ELECTRIC_V1,MANUAL,CLEAN,0.87,sample_OLA_ELECTRIC_EV_2026-03,2026-05-23T07:00:39.365857Z,2026-05-23T07:00:39.365857Z,
OLA_ELECTRIC,EV,2026-04,43126,0,43126,0.1489,-0.0838,NSE,2026-05-06,OLA_ELECTRIC_V1,MANUAL,CLEAN,0.88,sample_OLA_ELECTRIC_EV_2026-04,2026-05-23T07:00:39.371375Z,2026-05-23T07:00:39.371375Z,
TATAMOTORS_CV,CV,2024-05,31023,3097,34120,,,NSE,2024-06-04,TATAMOTORS_CV_V1,MANUAL,CLEAN,0.93,sample_TATAMOTORS_CV_CV_2024-05,2026-05-23T07:00:39.120585Z,2026-05-23T07:00:39.120585Z,
TATAMOTORS_CV,CV,2024-06,26698,2335,29033,,-0.1491,NSE,2024-07-05,TATAMOTORS_CV_V1,MANUAL,CLEAN,0.86,sample_TATAMOTORS_CV_CV_2024-06,2026-05-23T07:00:39.127967Z,2026-05-23T07:00:39.127967Z,
TATAMOTORS_CV,CV,2024-07,26153,2751,28904,,-0.0044,NSE,2024-08-05,TATAMOTORS_CV_V1,MANUAL,CLEAN,0.88,sample_TATAMOTORS_CV_CV_2024-07,2026-05-23T07:00:39.136480Z,2026-05-23T07:00:39.136480Z,
TATAMOTORS_CV,CV,2024-08,27253,2530,29783,,0.0304,NSE,2024-09-05,TATAMOTORS_CV_V1,MANUAL,CLEAN,0.91,sample_TATAMOTORS_CV_CV_2024-08,2026-05-23T07:00:39.172700Z,2026-05-23T07:00:39.172700Z,
TATAMOTORS_CV,CV,2024-09,34547,3220,37767,,0.2681,NSE,2024-10-05,TATAMOTORS_CV_V1,MANUAL,CLEAN,0.96,sample_TATAMOTORS_CV_CV_2024-09,2026-05-23T07:00:39.192973Z,2026-05-23T07:00:39.192973Z,
TATAMOTORS_CV,CV,2024-10,39842,3939,43781,,0.1592,NSE,2024-11-04,TATAMOTORS_CV_V1,MANUAL,CLEAN,0.94,sample_TATAMOTORS_CV_CV_2024-10,2026-05-23T07:00:39.209383Z,2026-05-23T07:00:39.209383Z,
TATAMOTORS_CV,CV,2024-11,31931,3286,35217,,-0.1956,NSE,2024-12-05,TATAMOTORS_CV_V1,MANUAL,CLEAN,0.93,sample_TATAMOTORS_CV_CV_2024-11,2026-05-23T07:00:39.222752Z,2026-05-23T07:00:39.222752Z,
TATAMOTORS_CV,CV,2024-12,31912,2990,34902,,-0.0089,NSE,2025-01-04,TATAMOTORS_CV_V1,MANUAL,FLAGGED,0.82,sample_TATAMOTORS_CV_CV_2024-12,2026-05-23T07:00:39.230538Z,2026-05-23T07:00:39.230538Z,Anomalous swing flagged by validator
TATAMOTORS_CV,CV,2025-01,27535,2854,30389,,-0.1293,NSE,2025-02-04,TATAMOTORS_CV_V1,MANUAL,CLEAN,0.85,sample_TATAMOTORS_CV_CV_2025-01,2026-05-23T07:00:39.238699Z,2026-05-23T07:00:39.238699Z,
TATAMOTORS_CV,CV,2025-02,31962,3289,35251,,0.16,NSE,2025-03-05,TATAMOTORS_CV_V1,MANUAL,CLEAN,0.85,sample_TATAMOTORS_CV_CV_2025-02,2026-05-23T07:00:39.251413Z,2026-05-23T07:00:39.251413Z,
TATAMOTORS_CV,CV,2025-03,38048,3917,41965,,0.1905,BSE,2025-04-05,TATAMOTORS_CV_V1,MANUAL,CLEAN,0.92,sample_TATAMOTORS_CV_CV_2025-03,2026-05-23T07:00:39.257399Z,2026-05-23T07:00:39.257399Z,
TATAMOTORS_CV,CV,2025-04,31863,3325,35188,,-0.1615,BSE,2025-05-04,TATAMOTORS_CV_V1,MANUAL,CLEAN,0.94,sample_TATAMOTORS_CV_CV_2025-04,2026-05-23T07:00:39.277589Z,2026-05-23T07:00:39.277589Z,
TATAMOTORS_CV,CV,2025-05,31596,3109,34705,0.0171,-0.0137,NSE,2025-06-04,TATAMOTORS_CV_V1,MANUAL,CLEAN,0.88,sample_TATAMOTORS_CV_CV_2025-05,2026-05-23T07:00:39.289763Z,2026-05-23T07:00:39.289763Z,
TATAMOTORS_CV,CV,2025-06,30378,2911,33289,0.1466,-0.0408,NSE,2025-07-05,TATAMOTORS_CV_V1,MANUAL,CLEAN,0.91,sample_TATAMOTORS_CV_CV_2025-06,2026-05-23T07:00:39.306582Z,2026-05-23T07:00:39.306582Z,
TATAMOTORS_CV,CV,2025-07,29244,2990,32234,0.1152,-0.0317,BSE,2025-08-05,TATAMOTORS_CV_V1,MANUAL,CLEAN,0.96,sample_TATAMOTORS_CV_CV_2025-07,2026-05-23T07:00:39.312418Z,2026-05-23T07:00:39.312418Z,
TATAMOTORS_CV,CV,2025-08,29656,2952,32608,0.0949,0.0116,NSE,2025-09-04,TATAMOTORS_CV_V1,MANUAL,CLEAN,0.97,sample_TATAMOTORS_CV_CV_2025-08,2026-05-23T07:00:39.318989Z,2026-05-23T07:00:39.318989Z,
TATAMOTORS_CV,CV,2025-09,36546,3630,40176,0.0638,0.2321,NSE,2025-10-03,TATAMOTORS_CV_V1,MANUAL,CLEAN,0.94,sample_TATAMOTORS_CV_CV_2025-09,2026-05-23T07:00:39.329626Z,2026-05-23T07:00:39.329626Z,
TATAMOTORS_CV,CV,2025-10,39349,3477,42826,-0.0218,0.066,NSE,2025-11-05,TATAMOTORS_CV_V1,MANUAL,CLEAN,0.89,sample_TATAMOTORS_CV_CV_2025-10,2026-05-23T07:00:39.333781Z,2026-05-23T07:00:39.333781Z,
TATAMOTORS_CV,CV,2025-11,33392,3061,36453,0.0351,-0.1488,NSE,2025-12-05,TATAMOTORS_CV_V1,MANUAL,CLEAN,0.86,sample_TATAMOTORS_CV_CV_2025-11,2026-05-23T07:00:39.337618Z,2026-05-23T07:00:39.337618Z,
TATAMOTORS_CV,CV,2025-12,34075,3327,37402,0.0716,0.026,NSE,2026-01-05,TATAMOTORS_CV_V1,MANUAL,CLEAN,0.9,sample_TATAMOTORS_CV_CV_2025-12,2026-05-23T07:00:39.342004Z,2026-05-23T07:00:39.342004Z,
TATAMOTORS_CV,CV,2026-01,30561,2759,33320,0.0964,-0.1091,NSE,2026-02-03,TATAMOTORS_CV_V1,MANUAL,CLEAN,0.94,sample_TATAMOTORS_CV_CV_2026-01,2026-05-23T07:00:39.345837Z,2026-05-23T07:00:39.345837Z,
TATAMOTORS_CV,CV,2026-01,28822,2486,31308,-0.1119,-0.0604,NSE,2026-02-03,TATAMOTORS_CV_V1,MANUAL,CLEAN,0.95,sample_TATAMOTORS_CV_CV_2026-01,2026-05-23T07:00:39.354296Z,2026-05-23T07:00:39.354296Z,
TATAMOTORS_CV,CV,2026-03,40269,3432,43701,0.0414,0.3958,NSE,2026-04-03,TATAMOTORS_CV_V1,MANUAL,CLEAN,0.93,sample_TATAMOTORS_CV_CV_2026-03,2026-05-23T07:00:39.362320Z,2026-05-23T07:00:39.362320Z,
TATAMOTORS_CV,CV,2026-04,34652,3042,37694,0.0712,-0.1375,BSE,2026-05-03,TATAMOTORS_CV_V1,MANUAL,CLEAN,0.86,sample_TATAMOTORS_CV_CV_2026-04,2026-05-23T07:00:39.368528Z,2026-05-23T07:00:39.368528Z,
TATAMOTORS_PV,EV,2024-05,5095,0,5095,,,NSE,2024-06-05,TATAMOTORS_PV_V1,MANUAL,CLEAN,0.93,sample_TATAMOTORS_PV_EV_2024-05,2026-05-23T07:00:39.120585Z,2026-05-23T07:00:39.120585Z,
TATAMOTORS_PV,EV,2024-06,5534,0,5534,,0.0862,NSE,2024-07-03,TATAMOTORS_PV_V1,MANUAL,CLEAN,0.97,sample_TATAMOTORS_PV_EV_2024-06,2026-05-23T07:00:39.127967Z,2026-05-23T07:00:39.127967Z,
TATAMOTORS_PV,EV,2024-07,5206,0,5206,,-0.0593,NSE,2024-08-04,TATAMOTORS_PV_V1,MANUAL,CLEAN,0.88,sample_TATAMOTORS_PV_EV_2024-07,2026-05-23T07:00:39.136480Z,2026-05-23T07:00:39.136480Z,
TATAMOTORS_PV,EV,2024-08,5621,0,5621,,0.0797,NSE,2024-09-04,TATAMOTORS_PV_V1,MANUAL,CLEAN,0.95,sample_TATAMOTORS_PV_EV_2024-08,2026-05-23T07:00:39.172700Z,2026-05-23T07:00:39.172700Z,
TATAMOTORS_PV,EV,2024-09,6485,0,6485,,0.1537,NSE,2024-10-03,TATAMOTORS_PV_V1,MANUAL,CLEAN,0.98,sample_TATAMOTORS_PV_EV_2024-09,2026-05-23T07:00:39.192973Z,2026-05-23T07:00:39.192973Z,
TATAMOTORS_PV,EV,2024-10,6897,0,6897,,0.0635,NSE,2024-11-04,TATAMOTORS_PV_V1,MANUAL,CLEAN,0.98,sample_TATAMOTORS_PV_EV_2024-10,2026-05-23T07:00:39.209383Z,2026-05-23T07:00:39.209383Z,
TATAMOTORS_PV,EV,2024-11,5796,0,5796,,-0.1596,NSE,2024-12-04,TATAMOTORS_PV_V1,MANUAL,CLEAN,0.9,sample_TATAMOTORS_PV_EV_2024-11,2026-05-23T07:00:39.221633Z,2026-05-23T07:00:39.222752Z,
TATAMOTORS_PV,EV,2024-12,5985,0,5985,,0.0326,NSE,2025-01-04,TATAMOTORS_PV_V1,MANUAL,CLEAN,0.91,sample_TATAMOTORS_PV_EV_2024-12,2026-05-23T07:00:39.230538Z,2026-05-23T07:00:39.230538Z,
TATAMOTORS_PV,EV,2025-01,5428,0,5428,,-0.0931,NSE,2025-02-03,TATAMOTORS_PV_V1,MANUAL,CLEAN,0.95,sample_TATAMOTORS_PV_EV_2025-01,2026-05-23T07:00:39.237669Z,2026-05-23T07:00:39.237669Z,
TATAMOTORS_PV,EV,2025-02,6239,0,6239,,0.1494,NSE,2025-03-05,TATAMOTORS_PV_V1,MANUAL,CLEAN,0.86,sample_TATAMOTORS_PV_EV_2025-02,2026-05-23T07:00:39.250336Z,2026-05-23T07:00:39.251413Z,
TATAMOTORS_PV,EV,2025-03,7253,0,7253,,0.1625,NSE,2025-04-05,TATAMOTORS_PV_V1,MANUAL,CLEAN,0.85,sample_TATAMOTORS_PV_EV_2025-03,2026-05-23T07:00:39.256400Z,2026-05-23T07:00:39.256400Z,
TATAMOTORS_PV,EV,2025-04,6789,0,6789,,-0.064,NSE,2025-05-04,TATAMOTORS_PV_V1,MANUAL,CLEAN,0.91,sample_TATAMOTORS_PV_EV_2025-04,2026-05-23T07:00:39.277589Z,2026-05-23T07:00:39.277589Z,
TATAMOTORS_PV,EV,2025-05,6595,0,6595,0.2944,-0.0286,NSE,2025-06-05,TATAMOTORS_PV_V1,MANUAL,CLEAN,0.89,sample_TATAMOTORS_PV_EV_2025-05,2026-05-23T07:00:39.289763Z,2026-05-23T07:00:39.289763Z,
TATAMOTORS_PV,EV,2025-06,6549,0,6549,0.1834,-0.007,NSE,2025-07-03,TATAMOTORS_PV_V1,MANUAL,CLEAN,0.86,sample_TATAMOTORS_PV_EV_2025-06,2026-05-23T07:00:39.303970Z,2026-05-23T07:00:39.303970Z,
TATAMOTORS_PV,EV,2025-07,6210,0,6210,0.1929,-0.0518,NSE,2025-08-05,TATAMOTORS_PV_V1,MANUAL,CLEAN,0.96,sample_TATAMOTORS_PV_EV_2025-07,2026-05-23T07:00:39.312418Z,2026-05-23T07:00:39.312418Z,
TATAMOTORS_PV,EV,2025-08,6410,0,6410,0.1404,0.0322,NSE,2025-09-04,TATAMOTORS_PV_V1,MANUAL,CLEAN,0.98,sample_TATAMOTORS_PV_EV_2025-08,2026-05-23T07:00:39.318989Z,2026-05-23T07:00:39.318989Z,
TATAMOTORS_PV,EV,2025-09,7532,0,7532,0.1614,0.175,BSE,2025-10-04,TATAMOTORS_PV_V1,MANUAL,CLEAN,0.9,sample_TATAMOTORS_PV_EV_2025-09,2026-05-23T07:00:39.328928Z,2026-05-23T07:00:39.328928Z,
TATAMOTORS_PV,EV,2025-10,8283,0,8283,0.201,0.0997,NSE,2025-11-04,TATAMOTORS_PV_V1,MANUAL,CLEAN,0.91,sample_TATAMOTORS_PV_EV_2025-10,2026-05-23T07:00:39.333781Z,2026-05-23T07:00:39.333781Z,
TATAMOTORS_PV,EV,2025-11,6487,0,6487,0.1192,-0.2168,NSE,2025-12-04,TATAMOTORS_PV_V1,MANUAL,CLEAN,0.85,sample_TATAMOTORS_PV_EV_2025-11,2026-05-23T07:00:39.335111Z,2026-05-23T07:00:39.335111Z,
TATAMOTORS_PV,EV,2025-12,6921,0,6921,0.1564,0.0669,NSE,2026-01-05,TATAMOTORS_PV_V1,MANUAL,CLEAN,0.9,sample_TATAMOTORS_PV_EV_2025-12,2026-05-23T07:00:39.342004Z,2026-05-23T07:00:39.342004Z,
TATAMOTORS_PV,EV,2026-01,6597,0,6597,0.2154,-0.0468,NSE,2026-02-05,TATAMOTORS_PV_V1,MANUAL,CLEAN,0.98,sample_TATAMOTORS_PV_EV_2026-01,2026-05-23T07:00:39.345837Z,2026-05-23T07:00:39.345837Z,
TATAMOTORS_PV,EV,2026-01,6841,0,6841,0.0965,0.037,NSE,2026-02-05,TATAMOTORS_PV_V1,MANUAL,CLEAN,0.89,sample_TATAMOTORS_PV_EV_2026-01,2026-05-23T07:00:39.354296Z,2026-05-23T07:00:39.354296Z,
TATAMOTORS_PV,EV,2026-03,7997,0,7997,0.1026,0.169,BSE,2026-04-05,TATAMOTORS_PV_V1,MANUAL,CLEAN,0.97,sample_TATAMOTORS_PV_EV_2026-03,2026-05-23T07:00:39.362320Z,2026-05-23T07:00:39.362320Z,
TATAMOTORS_PV,EV,2026-04,7775,0,7775,0.1452,-0.0278,NSE,2026-05-05,TATAMOTORS_PV_V1,MANUAL,CLEAN,0.98,sample_TATAMOTORS_PV_EV_2026-04,2026-05-23T07:00:39.367894Z,2026-05-23T07:00:39.367894Z,
TATAMOTORS_PV,PV,2024-05,40225,4061,44286,,,NSE,2024-06-05,TATAMOTORS_PV_V1,MANUAL,CLEAN,0.91,sample_TATAMOTORS_PV_PV_2024-05,2026-05-23T07:00:39.119514Z,2026-05-23T07:00:39.119514Z,
TATAMOTORS_PV,PV,2024-06,40067,3758,43825,,-0.0104,NSE,2024-07-05,TATAMOTORS_PV_V1,MANUAL,CLEAN,0.88,sample_TATAMOTORS_PV_PV_2024-06,2026-05-23T07:00:39.127967Z,2026-05-23T07:00:39.127967Z,
TATAMOTORS_PV,PV,2024-07,36250,3569,39819,,-0.0914,NSE,2024-08-03,TATAMOTORS_PV_V1,MANUAL,CLEAN,0.85,sample_TATAMOTORS_PV_PV_2024-07,2026-05-23T07:00:39.136480Z,2026-05-23T07:00:39.136480Z,
TATAMOTORS_PV,PV,2024-08,38103,3719,41822,,0.0503,NSE,2024-09-05,TATAMOTORS_PV_V1,MANUAL,CLEAN,0.94,sample_TATAMOTORS_PV_PV_2024-08,2026-05-23T07:00:39.171702Z,2026-05-23T07:00:39.171702Z,
TATAMOTORS_PV,PV,2024-09,47351,4145,51496,,0.2313,NSE,2024-10-03,TATAMOTORS_PV_V1,MANUAL,CLEAN,0.99,sample_TATAMOTORS_PV_PV_2024-09,2026-05-23T07:00:39.191977Z,2026-05-23T07:00:39.191977Z,
TATAMOTORS_PV,PV,2024-10,52237,5328,57565,,0.1179,NSE,2024-11-05,TATAMOTORS_PV_V1,MANUAL,CLEAN,0.92,sample_TATAMOTORS_PV_PV_2024-10,2026-05-23T07:00:39.207368Z,2026-05-23T07:00:39.207368Z,
TATAMOTORS_PV,PV,2024-11,42035,4272,46307,,-0.1956,NSE,2024-12-05,TATAMOTORS_PV_V1,MANUAL,CLEAN,0.97,sample_TATAMOTORS_PV_PV_2024-11,2026-05-23T07:00:39.221633Z,2026-05-23T07:00:39.221633Z,
TATAMOTORS_PV,PV,2024-12,42599,4538,47137,,0.0179,NSE,2025-01-03,TATAMOTORS_PV_V1,MANUAL,CLEAN,0.91,sample_TATAMOTORS_PV_PV_2024-12,2026-05-23T07:00:39.230538Z,2026-05-23T07:00:39.230538Z,
TATAMOTORS_PV,PV,2025-01,38790,3460,42250,,-0.1037,NSE,2025-02-03,TATAMOTORS_PV_V1,MANUAL,CLEAN,0.95,sample_TATAMOTORS_PV_PV_2025-01,2026-05-23T07:00:39.237669Z,2026-05-23T07:00:39.237669Z,
TATAMOTORS_PV,PV,2025-02,44548,4252,48800,,0.155,NSE,2025-03-04,TATAMOTORS_PV_V1,MANUAL,CLEAN,0.93,sample_TATAMOTORS_PV_PV_2025-02,2026-05-23T07:00:39.250336Z,2026-05-23T07:00:39.250336Z,
TATAMOTORS_PV,PV,2025-03,52361,5293,57654,,0.1814,NSE,2025-04-03,TATAMOTORS_PV_V1,MANUAL,CLEAN,0.89,sample_TATAMOTORS_PV_PV_2025-03,2026-05-23T07:00:39.256400Z,2026-05-23T07:00:39.256400Z,
TATAMOTORS_PV,PV,2025-04,41933,4107,46040,,-0.2014,NSE,2025-05-04,TATAMOTORS_PV_V1,MANUAL,CLEAN,0.88,sample_TATAMOTORS_PV_PV_2025-04,2026-05-23T07:00:39.277589Z,2026-05-23T07:00:39.277589Z,
TATAMOTORS_PV,PV,2025-05,46632,4512,51144,0.1549,0.1109,NSE,2025-06-03,TATAMOTORS_PV_V1,MANUAL,CLEAN,0.85,sample_TATAMOTORS_PV_PV_2025-05,2026-05-23T07:00:39.289763Z,2026-05-23T07:00:39.289763Z,
TATAMOTORS_PV,PV,2025-06,42713,3695,46408,0.0589,-0.0926,NSE,2025-07-03,TATAMOTORS_PV_V1,MANUAL,CLEAN,0.9,sample_TATAMOTORS_PV_PV_2025-06,2026-05-23T07:00:39.300620Z,2026-05-23T07:00:39.300620Z,
TATAMOTORS_PV,PV,2025-07,39577,3418,42995,0.0798,-0.0735,NSE,2025-08-05,TATAMOTORS_PV_V1,MANUAL,CLEAN,0.94,sample_TATAMOTORS_PV_PV_2025-07,2026-05-23T07:00:39.312418Z,2026-05-23T07:00:39.312418Z,
TATAMOTORS_PV,PV,2025-08,40690,3818,44508,0.0642,0.0352,NSE,2025-09-04,TATAMOTORS_PV_V1,MANUAL,CLEAN,0.91,sample_TATAMOTORS_PV_PV_2025-08,2026-05-23T07:00:39.318989Z,2026-05-23T07:00:39.318989Z,
TATAMOTORS_PV,PV,2025-09,50287,4269,54556,0.0594,0.2258,NSE,2025-10-05,TATAMOTORS_PV_V1,MANUAL,CLEAN,0.91,sample_TATAMOTORS_PV_PV_2025-09,2026-05-23T07:00:39.328011Z,2026-05-23T07:00:39.328011Z,
TATAMOTORS_PV,PV,2025-10,60065,5312,65377,0.1357,0.1983,BSE,2025-11-05,TATAMOTORS_PV_V1,MANUAL,CLEAN,0.99,sample_TATAMOTORS_PV_PV_2025-10,2026-05-23T07:00:39.333781Z,2026-05-23T07:00:39.333781Z,
TATAMOTORS_PV,PV,2025-11,45122,4811,49933,0.0783,-0.2362,NSE,2025-12-05,TATAMOTORS_PV_V1,MANUAL,CLEAN,0.97,sample_TATAMOTORS_PV_PV_2025-11,2026-05-23T07:00:39.335111Z,2026-05-23T07:00:39.335111Z,
TATAMOTORS_PV,PV,2025-12,45289,3836,49125,0.0422,-0.0162,NSE,2026-01-05,TATAMOTORS_PV_V1,MANUAL,CLEAN,0.91,sample_TATAMOTORS_PV_PV_2025-12,2026-05-23T07:00:39.340952Z,2026-05-23T07:00:39.340952Z,
TATAMOTORS_PV,PV,2026-01,44975,4223,49198,0.1644,0.0015,NSE,2026-02-03,TATAMOTORS_PV_V1,MANUAL,CLEAN,0.92,sample_TATAMOTORS_PV_PV_2026-01,2026-05-23T07:00:39.345837Z,2026-05-23T07:00:39.345837Z,
TATAMOTORS_PV,PV,2026-01,42566,3810,46376,-0.0497,-0.0574,NSE,2026-02-05,TATAMOTORS_PV_V1,MANUAL,CLEAN,0.86,sample_TATAMOTORS_PV_PV_2026-01,2026-05-23T07:00:39.354296Z,2026-05-23T07:00:39.354296Z,
TATAMOTORS_PV,PV,2026-03,52140,4402,56542,-0.0193,0.2192,NSE,2026-04-04,TATAMOTORS_PV_V1,MANUAL,CLEAN,0.91,sample_TATAMOTORS_PV_PV_2026-03,2026-05-23T07:00:39.361151Z,2026-05-23T07:00:39.361151Z,
TATAMOTORS_PV,PV,2026-04,48683,4447,53130,0.154,-0.0603,NSE,2026-05-05,TATAMOTORS_PV_V1,MANUAL,CLEAN,0.96,sample_TATAMOTORS_PV_PV_2026-04,2026-05-23T07:00:39.367364Z,2026-05-23T07:00:39.367364Z,
TVS,2W,2024-05,264612,83520,348132,,,NSE,2024-06-04,TVS_V1,MANUAL,CLEAN,0.95,sample_TVS_2W_2024-05,2026-05-23T07:00:39.122823Z,2026-05-23T07:00:39.122823Z,
TVS,2W,2024-06,243560,92261,335821,,-0.0354,NSE,2024-07-04,TVS_V1,MANUAL,CLEAN,0.88,sample_TVS_2W_2024-06,2026-05-23T07:00:39.130699Z,2026-05-23T07:00:39.130699Z,
TVS,2W,2024-07,253850,94446,348296,,0.0371,NSE,2024-08-03,TVS_V1,MANUAL,CLEAN,0.99,sample_TVS_2W_2024-07,2026-05-23T07:00:39.159928Z,2026-05-23T07:00:39.159928Z,
TVS,2W,2024-08,254124,81336,335460,,-0.0369,NSE,2024-09-04,TVS_V1,MANUAL,CLEAN,0.98,sample_TVS_2W_2024-08,2026-05-23T07:00:39.185789Z,2026-05-23T07:00:39.185789Z,
TVS,2W,2024-09,292932,101214,394146,,0.1749,NSE,2024-10-04,TVS_V1,MANUAL,CLEAN,0.91,sample_TVS_2W_2024-09,2026-05-23T07:00:39.201725Z,2026-05-23T07:00:39.201725Z,
TVS,2W,2024-10,348344,130953,479297,,0.216,NSE,2024-11-04,TVS_V1,MANUAL,CLEAN,0.95,sample_TVS_2W_2024-10,2026-05-23T07:00:39.213815Z,2026-05-23T07:00:39.213815Z,
TVS,2W,2024-11,285972,86320,372292,,-0.2233,BSE,2024-12-03,TVS_V1,MANUAL,CLEAN,0.88,sample_TVS_2W_2024-11,2026-05-23T07:00:39.226510Z,2026-05-23T07:00:39.226510Z,
TVS,2W,2024-12,285884,90951,376835,,0.0122,NSE,2025-01-04,TVS_V1,MANUAL,CLEAN,0.92,sample_TVS_2W_2024-12,2026-05-23T07:00:39.235163Z,2026-05-23T07:00:39.235163Z,
TVS,2W,2025-01,243377,77419,320796,,-0.1487,NSE,2025-02-05,TVS_V1,MANUAL,CLEAN,0.85,sample_TVS_2W_2025-01,2026-05-23T07:00:39.242133Z,2026-05-23T07:00:39.242133Z,
TVS,2W,2025-02,264727,95346,360073,,0.1224,NSE,2025-03-05,TVS_V1,MANUAL,CLEAN,0.86,sample_TVS_2W_2025-02,2026-05-23T07:00:39.254408Z,2026-05-23T07:00:39.254408Z,
TVS,2W,2025-03,340404,108980,449384,,0.248,NSE,2025-04-05,TVS_V1,MANUAL,CLEAN,0.94,sample_TVS_2W_2025-03,2026-05-23T07:00:39.258908Z,2026-05-23T07:00:39.258908Z,
TVS,2W,2025-04,285037,100403,385440,,-0.1423,NSE,2025-05-03,TVS_V1,MANUAL,CLEAN,0.98,sample_TVS_2W_2025-04,2026-05-23T07:00:39.288811Z,2026-05-23T07:00:39.288811Z,
TVS,2W,2025-05,300333,110591,410924,0.1804,0.0661,BSE,2025-06-03,TVS_V1,MANUAL,CLEAN,0.9,sample_TVS_2W_2025-05,2026-05-23T07:00:39.299314Z,2026-05-23T07:00:39.299314Z,
TVS,2W,2025-06,274309,94216,368525,0.0974,-0.1032,NSE,2025-07-03,TVS_V1,MANUAL,CLEAN,0.97,sample_TVS_2W_2025-06,2026-05-23T07:00:39.310498Z,2026-05-23T07:00:39.310498Z,
TVS,2W,2025-07,257212,86054,343266,-0.0144,-0.0685,NSE,2025-08-04,TVS_V1,MANUAL,CLEAN,0.92,sample_TVS_2W_2025-07,2026-05-23T07:00:39.315701Z,2026-05-23T07:00:39.315701Z,
TVS,2W,2025-08,279850,90759,370609,0.1048,0.0797,NSE,2025-09-04,TVS_V1,MANUAL,CLEAN,0.91,sample_TVS_2W_2025-08,2026-05-23T07:00:39.325309Z,2026-05-23T07:00:39.325309Z,
TVS,2W,2025-09,331390,112065,443455,0.1251,0.1966,BSE,2025-10-03,TVS_V1,MANUAL,CLEAN,0.87,sample_TVS_2W_2025-09,2026-05-23T07:00:39.331774Z,2026-05-23T07:00:39.331774Z,
TVS,2W,2025-10,373551,125177,498728,0.0405,0.1246,BSE,2025-11-03,TVS_V1,MANUAL,CLEAN,0.85,sample_TVS_2W_2025-10,2026-05-23T07:00:39.335111Z,2026-05-23T07:00:39.335111Z,
TVS,2W,2025-11,282985,106929,389914,0.0473,-0.2182,NSE,2025-12-04,TVS_V1,MANUAL,CLEAN,0.9,sample_TVS_2W_2025-11,2026-05-23T07:00:39.340326Z,2026-05-23T07:00:39.340326Z,
TVS,2W,2025-12,313136,111643,424779,0.1272,0.0894,NSE,2026-01-05,TVS_V1,MANUAL,CLEAN,0.96,sample_TVS_2W_2025-12,2026-05-23T07:00:39.345025Z,2026-05-23T07:00:39.345025Z,
TVS,2W,2026-01,270527,85266,355793,0.1091,-0.1624,NSE,2026-02-05,TVS_V1,MANUAL,CLEAN,0.97,sample_TVS_2W_2026-01,2026-05-23T07:00:39.352527Z,2026-05-23T07:00:39.352527Z,
TVS,2W,2026-01,276078,101371,377449,0.0483,0.0609,NSE,2026-02-05,TVS_V1,MANUAL,CLEAN,0.97,sample_TVS_2W_2026-01,2026-05-23T07:00:39.357757Z,2026-05-23T07:00:39.357757Z,
TVS,2W,2026-03,360820,116264,477084,0.0616,0.264,BSE,2026-04-04,TVS_V1,MANUAL,CLEAN,0.86,sample_TVS_2W_2026-03,2026-05-23T07:00:39.363847Z,2026-05-23T07:00:39.363847Z,
TVS,2W,2026-04,278914,98475,377389,-0.0209,-0.209,BSE,2026-05-03,TVS_V1,MANUAL,CLEAN,0.92,sample_TVS_2W_2026-04,2026-05-23T07:00:39.371375Z,2026-05-23T07:00:39.371375Z,
TVS,3W,2024-05,7740,5640,13380,,,NSE,2024-06-05,TVS_V1,MANUAL,CLEAN,0.87,sample_TVS_3W_2024-05,2026-05-23T07:00:39.122823Z,2026-05-23T07:00:39.122823Z,
TVS,3W,2024-06,7578,4808,12386,,-0.0743,NSE,2024-07-05,TVS_V1,MANUAL,CLEAN,0.86,sample_TVS_3W_2024-06,2026-05-23T07:00:39.130699Z,2026-05-23T07:00:39.130699Z,
TVS,3W,2024-07,7175,5410,12585,,0.0161,NSE,2024-08-04,TVS_V1,MANUAL,CLEAN,0.95,sample_TVS_3W_2024-07,2026-05-23T07:00:39.164337Z,2026-05-23T07:00:39.164337Z,
TVS,3W,2024-08,7182,5233,12415,,-0.0135,NSE,2024-09-04,TVS_V1,MANUAL,CLEAN,0.9,sample_TVS_3W_2024-08,2026-05-23T07:00:39.188434Z,2026-05-23T07:00:39.188434Z,
TVS,3W,2024-09,9038,6849,15887,,0.2797,NSE,2024-10-05,TVS_V1,MANUAL,CLEAN,0.95,sample_TVS_3W_2024-09,2026-05-23T07:00:39.201725Z,2026-05-23T07:00:39.201725Z,
TVS,3W,2024-10,10460,7970,18430,,0.1601,NSE,2024-11-05,TVS_V1,MANUAL,CLEAN,0.87,sample_TVS_3W_2024-10,2026-05-23T07:00:39.213815Z,2026-05-23T07:00:39.213815Z,
TVS,3W,2024-11,7756,5018,12774,,-0.3069,NSE,2024-12-03,TVS_V1,MANUAL,CLEAN,0.87,sample_TVS_3W_2024-11,2026-05-23T07:00:39.227516Z,2026-05-23T07:00:39.227516Z,
TVS,3W,2024-12,8924,5684,14608,,0.1436,NSE,2025-01-03,TVS_V1,MANUAL,FLAGGED,0.73,sample_TVS_3W_2024-12,2026-05-23T07:00:39.235163Z,2026-05-23T07:00:39.235163Z,Anomalous swing flagged by validator
TVS,3W,2025-01,7732,5581,13313,,-0.0887,NSE,2025-02-04,TVS_V1,MANUAL,CLEAN,0.89,sample_TVS_3W_2025-01,2026-05-23T07:00:39.242133Z,2026-05-23T07:00:39.242133Z,
TVS,3W,2025-02,7943,5110,13053,,-0.0195,NSE,2025-03-04,TVS_V1,MANUAL,CLEAN,0.95,sample_TVS_3W_2025-02,2026-05-23T07:00:39.255404Z,2026-05-23T07:00:39.255404Z,
TVS,3W,2025-03,10417,7975,18392,,0.409,NSE,2025-04-05,TVS_V1,MANUAL,CLEAN,0.89,sample_TVS_3W_2025-03,2026-05-23T07:00:39.258908Z,2026-05-23T07:00:39.258908Z,
TVS,3W,2025-04,8577,5777,14354,,-0.2196,NSE,2025-05-04,TVS_V1,MANUAL,CLEAN,0.9,sample_TVS_3W_2025-04,2026-05-23T07:00:39.289763Z,2026-05-23T07:00:39.289763Z,
TVS,3W,2025-05,9066,6622,15688,0.1725,0.0929,NSE,2025-06-03,TVS_V1,MANUAL,CLEAN,0.88,sample_TVS_3W_2025-05,2026-05-23T07:00:39.300026Z,2026-05-23T07:00:39.300026Z,
TVS,3W,2025-06,7883,6002,13885,0.121,-0.1149,NSE,2025-07-04,TVS_V1,MANUAL,CLEAN,0.86,sample_TVS_3W_2025-06,2026-05-23T07:00:39.310498Z,2026-05-23T07:00:39.310498Z,
TVS,3W,2025-07,7676,4912,12588,0.0002,-0.0934,NSE,2025-08-05,TVS_V1,MANUAL,CLEAN,0.92,sample_TVS_3W_2025-07,2026-05-23T07:00:39.315701Z,2026-05-23T07:00:39.315701Z,
TVS,3W,2025-08,7850,5242,13092,0.0545,0.04,NSE,2025-09-03,TVS_V1,MANUAL,CLEAN,0.86,sample_TVS_3W_2025-08,2026-05-23T07:00:39.325309Z,2026-05-23T07:00:39.325309Z,
TVS,3W,2025-09,9313,7028,16341,0.0286,0.2482,NSE,2025-10-05,TVS_V1,MANUAL,CLEAN,0.97,sample_TVS_3W_2025-09,2026-05-23T07:00:39.331774Z,2026-05-23T07:00:39.331774Z,
TVS,3W,2025-10,10689,6910,17599,-0.0451,0.077,NSE,2025-11-05,TVS_V1,MANUAL,CLEAN,0.91,sample_TVS_3W_2025-10,2026-05-23T07:00:39.335111Z,2026-05-23T07:00:39.335111Z,
TVS,3W,2025-11,9019,6010,15029,0.1765,-0.146,NSE,2025-12-03,TVS_V1,MANUAL,CLEAN,0.86,sample_TVS_3W_2025-11,2026-05-23T07:00:39.340326Z,2026-05-23T07:00:39.340326Z,
TVS,3W,2025-12,9130,5859,14989,0.0261,-0.0027,NSE,2026-01-03,TVS_V1,MANUAL,CLEAN,0.88,sample_TVS_3W_2025-12,2026-05-23T07:00:39.345025Z,2026-05-23T07:00:39.345025Z,
TVS,3W,2026-01,8049,6347,14396,0.0813,-0.0396,BSE,2026-02-04,TVS_V1,MANUAL,CLEAN,0.87,sample_TVS_3W_2026-01,2026-05-23T07:00:39.352527Z,2026-05-23T07:00:39.352527Z,
TVS,3W,2026-01,8297,6150,14447,0.1068,0.0035,NSE,2026-02-04,TVS_V1,MANUAL,CLEAN,0.85,sample_TVS_3W_2026-01,2026-05-23T07:00:39.358281Z,2026-05-23T07:00:39.358281Z,
TVS,3W,2026-03,11104,8132,19236,0.0459,0.3315,NSE,2026-04-05,TVS_V1,MANUAL,CLEAN,0.88,sample_TVS_3W_2026-03,2026-05-23T07:00:39.365857Z,2026-05-23T07:00:39.365857Z,
TVS,3W,2026-04,9374,5834,15208,0.0595,-0.2094,NSE,2026-05-04,TVS_V1,MANUAL,CLEAN,0.96,sample_TVS_3W_2026-04,2026-05-23T07:00:39.371375Z,2026-05-23T07:00:39.371375Z,
